Date,Time,Case,Primary Convective Type,Convective Lifecycle,Echo Type,Environment Falling In,Environment Falling In Notes,Environment Falling In Ambiguous,Partially In Precip,Falling Through Evaporating/Dissipating Stratiform,Low-level Inflow Sonde,Mid-level Inflow Sonde,Region,Associated with a TC,Primary Convective Propagation,Environment Relative to Convective Pass,Direction Relative to Convection,Sfc Pressure [mb],Sfc Height [m],PBL Top [mb],PBL Top Height [m],Freezing Level [mb],Freezing Level Height [m],Upper Level Cap [mb],Upper Level Cap Height [m],M10 Celsius Level [mb],M20 Celsius Level [mb],M30 Celsius Level [mb],PBL RH [%],Mid Layer RH [%],Upper Layer RH [%],Deep Layer RH [%],Below FZL MUCAPE [J/kg],Above FZL MUCAPE [J/kg],Deep Layer MUCAPE [J/kg],MU CIN [J/kg],MU LCL [mb],MU EL [mb],MU Max LI [degC],MU Max LI Level [mb],MU Max LI Layer,Below FZL MLCAPE [J/kg],Above FZL MLCAPE [J/kg],Deep Layer MLCAPE [J/kg],ML CIN [J/kg],ML LCL [mb],ML EL [mb],ML Max LI [degC],ML Max LI Level [mb],ML Max LI Layer,SHARPpy Direct Method PBL Speed Shear [kts],SHARPpy Direct Method PBL Directional Shear [deg],SHARPpy Direct Method Mid Layer Speed Shear [kts],SHARPpy Direct Method Mid Layer Directional Shear [deg],SHARPpy Direct Method Upper Layer Speed Shear [kts],SHARPpy Direct Method Upper Layer Directional Shear [deg],SHARPpy Direct Method Deep Layer Speed Shear [kts],SHARPpy Direct Method Deep Layer Directional Shear [deg],10mb Interval Theta Gradient PBL Top [mb],10mb Interval Theta Gradient PBL RH [%],10mb Interval Theta Gradient Mid Layer RH [%],Max Profile Height [m],500m Bottom Cap Profile Height [m],500m Bottom Cap Deep Layer Speed Shear [kts],500m Bottom Cap Deep Layer Directional Shear [deg]
20170610,195511,1,Isolated,Mature,Convective,Clear Near,,,,,No,No,Western Atlantic,No,,,,1011.4,64.9,942.2,688.2,574.7,4828.2,402.4,7618.4,453.5,377.9,305.3,92.7,57.5,54.4,59.6,403.8,613,1016.8,0,979.8,--,--,--,,182.9,393.2,576.1,-7.3,938.7,--,-0.36,935,,3.05,296.6,8.57,219.4,13.25,275,21.53,259.6,,,,10011.2,500.1,20.16,259.4
20170610,195833,1,Isolated,Mature,Convective,Clear Near,,,,,No,No,Western Atlantic,No,None,Unclear,Northwest,1003.8,121.6,991.6,229.9,581.8,4726,402.6,7610.7,448.7,371.4,304.6,88.2,71,41.5,60.9,351.4,577.4,928.8,-1.8,960,--,0.41,959.7,,169.8,374.1,543.9,-5.2,919.5,--,-1.41,783.8,,7.15,310.6,8.88,208.8,6.89,279.8,16.55,265.9,,,,10005.5,501.8,12.92,225
20170610,201356,1,Isolated,Mature,Convective,Clear Near,,,,,Yes,Yes,Western Atlantic,No,,,,1012.1,76.8,943.8,692.5,578.9,4788.9,403.5,7610.6,458.1,374.8,304.1,87.3,64.8,37.3,57.7,455,717.9,1172.9,0,975.9,--,--,--,,143.7,386.1,529.8,-15.9,921.6,--,1.35,921.2,,6.62,220.2,7.49,343.4,5.02,305.7,11.39,295.3,,,,10019.9,503.4,11.34,309.5
20170610,202102,1,Isolated,Mature,Convective,Clear Near,,,,,Yes,Yes,Western Atlantic,No,,,,1002.5,157.9,927,846.8,572.3,4886.2,403.5,7615.5,456,362.7,299.3,88.2,60.2,37.7,55.8,456.8,708.3,1165.1,0,968.2,--,--,--,,161.6,413.4,575.1,-7.5,921,--,0.5,920.1,,2.98,168.8,3.71,2.9,10.2,310.4,10.44,315,,,,9960,500.5,13.06,312
20170610,203205,1,Isolated,Mature,Convective,Clear Near,,,,,No,No,Western Atlantic,No,None,Unclear,Southwest,1006.2,99.6,935.4,742.9,580.1,4751.4,402.2,7620.1,453.1,374,303.7,88.6,62.1,45.4,59.2,394.1,686.5,1080.7,-0.2,965.9,--,0.13,965.9,,183.8,462.2,646.1,-3.3,927.4,--,-0.15,903,,6.9,248.5,1.97,349,14,307.7,19.4,294.2,,,,9991.6,498,15.63,308.4
20170610,203902,1,Isolated,Mature,Convective,In Precip,"SkewT indicates ""In Precip""",,,,No,No,Western Atlantic,No,None,Unclear,West,1018.7,8.2,987.9,278.6,585.4,4682.4,402.6,7613.7,452.7,371.1,302.1,95,92.1,53.5,78.9,263.9,419.6,683.6,-0.2,1001.7,--,0.11,1000.6,,175.3,326,501.3,-3.4,960.4,--,-0.06,955.2,,6.2,237.8,9.29,259.2,12.79,298.2,25.28,271.3,,,,9740.1,497.7,20.36,290.7
20170610,205330,1,Isolated,Mature,Stratiform,In Cloud,,,,,Yes,Yes,Western Atlantic,No,,,,1011.3,64.1,954.6,573.5,576.9,4802.4,401.9,7620.8,458.4,376.8,301.7,85,66.1,59,65.3,398.6,655.8,1054.4,-2,967.6,--,-0.22,959.5,,158,386.2,544.2,-18.8,915.3,--,-1.92,809.3,,5.5,222.2,1.41,15.4,6.81,273.3,10.57,257.3,,,,10060.4,501.2,7.03,274.7
20170610,211105,1,Isolated,Mature,Convective,Clear Near,,,,,No,No,Western Atlantic,No,,,,1009.3,124,939.9,753,578,4835.5,404.7,7621.8,453.5,372.1,303.9,84.3,62.7,40.1,57.3,378.8,629.6,1008.4,-1.4,958.9,--,0.19,958.1,,169,400.6,569.6,-11.8,917.1,--,0.81,916.8,,2.75,230.8,1.95,306.9,12.89,307.1,15.55,297.6,,,,10061.8,501.6,16,303.1
20170610,213425,1,Isolated,Mature,Convective,Clear Near,,,,,No,No,Western Atlantic,No,,,,,,,,580.1,4804,404.9,7599,459.8,376.9,--,,,65.5,,,,,,,,,,,,,,,,,,,,,,,,21.85,299.3,,,,,,8620,,,
20170610,214426,1,Isolated,Mature,Convective,In Cloud,,,,,Yes,Yes,Western Atlantic,No,,,,,,,,582.3,4738.1,402.7,7619.5,461.2,367.8,--,,,69.5,,,,,,,,,,,,,,,,,,,,,,,,20.01,306.3,,,,,,8995.3,,,
20170610,220114,1,Isolated,Weakening,Stratiform,Clear Near,,,,,Yes,Yes,Western Atlantic,No,,,,1014.8,56.4,933.7,790.7,571.9,4893.9,403.2,7622.5,459.7,366.4,--,88.1,60.1,35.4,55.2,505.9,715.6,1221.5,0,974.3,--,--,--,,262.3,482.7,745,-0.9,937.5,--,-0.15,916.7,,3.99,226.9,2.84,15.9,10.08,289.1,11.94,286,,,,9072.4,499.1,12.7,299.2
20170610,220937,1,Isolated,Weakening,Stratiform,In Cloud,"Near stratiform of main cell, but some shallower, weak convection surrounds it (timewise)",,,,Yes,Yes,Western Atlantic,No,,,,1010,119.5,1002.7,183.7,584,4746.1,404.5,7610.8,462.6,363.7,--,84.6,79.4,76.1,78.3,287.6,554.3,841.9,-5,947,--,-0.18,914.2,,229.7,484.5,714.2,-10.4,932.3,--,-0.01,865.5,,2.16,174.7,17.66,159.4,31.2,290.8,23.42,251.1,,,,9126.1,496.4,29.17,271.6
20170610,221927,1,Isolated,Weakening,Stratiform,Clear Near,,,,,No,No,Western Atlantic,No,None,Unclear,Northwest,1008.7,124.8,989.1,297.8,591.1,4637.2,403.6,7612.5,460,372.3,--,85.1,76.6,50.9,67.7,245.4,511.4,756.8,-8.7,921,--,0.87,920.2,,192,438.9,630.8,-20.8,919.1,--,-0.05,851.1,,4.04,54.8,13.4,289.5,13.43,255.8,22.63,278.9,,,,8996,498.8,25.82,260.5
20170624,182206,2,Isolated,Growing,Convective,Clear Near,,,,,No,No,Caribbean,No,,,,,,,,542.7,5304.6,403.6,7617.6,448.8,371.3,--,,,44.1,,,,,,,,,,,,,,,,,,,,,,,,8.12,46,,,,,,9105.7,503.3,13.52,40.4
20170624,184104,2,Isolated,Growing,Convective,Clear Near,,,,,No,No,Caribbean,No,,,,,,,,543.2,5261.6,402.4,7610.5,447.6,370.5,305.6,,,42.7,,,,,,,,,,,,,,,,,,,,,,,,6.75,50.9,,,,,,11317.8,,,
20170624,191207,2,Isolated,Mature,Convective,Clear Near,Convective cell surrounds it (timewise),,,,No,No,Caribbean,No,Westward,Unclear,North,998,170,985.7,279.9,544,5286.9,404.3,7615.3,448.9,370.5,304.8,81.8,77.3,39.5,70.4,75.6,271.4,347,-24.7,946.6,--,-0.37,760.3,,32.3,222.3,254.5,-26.8,912,--,-0.35,784.6,,1.12,301.3,14.02,36.6,3.57,60.4,16.93,37.5,,,,11940.3,512.3,18.09,50.7
20170624,202405,3,Isolated,Growing,Convective,Clear Near,SkewT may suggest In Cloud from 700-800mb,Yes,,,Yes,Yes,Gulf,No,Westward,Unclear,East,981.7,310.2,959.4,513.1,537.6,5378.9,403.7,7619.6,444.6,365.2,--,85.8,78.9,51.7,71.5,305.6,366.9,672.6,-10.2,950.7,--,0.91,950.2,,99.1,198,297.1,-14.7,893.9,--,-2.06,781.4,,3.04,333.3,7.6,166.8,14.39,272.3,14.66,255.4,,,,9691.8,504.8,14.08,243.8
20170624,204033,3,Isolated,Growing,Convective,Clear Near,,,,,No,No,Gulf,No,Westward,Before,West,1001.8,133,967.9,438.5,549.6,5205,404.2,7613.2,440.8,368.7,--,86.2,76.5,56.6,70.8,395.6,484.1,879.8,-7.4,963.6,--,0.72,962.7,,212,319.6,531.6,-16,912.2,--,1.11,911.7,,2.27,30.8,13.83,205.8,9.21,251.6,19.52,225.8,,,,9683,496.2,21.06,221.6
20170624,205531,3,Isolated,Mature,Convective,Clear Near,,,,,Yes,Yes,Gulf,No,Westward,After,East,1000.6,204,957.9,589.6,539.6,5418.8,407.3,7618.5,444,366.5,300.8,79.5,68.9,55.6,66.1,289.6,399.8,689.5,-8,959.9,--,0.36,959.8,,0.3,86.5,86.8,-142.8,888,248.8,-1.77,406.5,,5.1,173.5,6.58,304.2,10.31,267.8,15.25,264.1,,,,12652,499.1,16.18,274.1
20170624,210621,3,Isolated,Mature,Convective,In Cloud,"SkewT would appear to indicate this is not actually in precip, but just In Cloud likely",Yes,,,Yes,Yes,Gulf,No,,,,984,280.2,958.3,513.5,543.4,5274.1,407.7,7529,447.4,365.8,304.2,87.3,79.3,73.4,78.2,328.3,345.8,674.1,-13.4,958.5,--,0.76,958.3,,94.4,148.9,243.2,-23.5,890.3,199.7,-0.1,213.6,,2.75,8.1,9.3,190.8,15.56,332.4,12,310.3,,,,13265.7,505.3,11.31,298.8
20210822,5650,15,Isolated,Weakening,Convective,Clear Near,,,,,No,No,Western Atlantic,No,,,,1010.8,11.3,975.6,325.6,581.7,4640.4,399.3,7620.2,453.8,--,--,77,77.6,72.8,76.1,221.1,655.7,876.8,-27.4,948.2,--,-0.14,785.6,,168.1,556.5,724.7,-45.8,914.4,--,1.15,913.6,,2.35,71.4,13.89,113.5,19.91,268.2,13.87,245.5,,,,7642.57,501.4,19.45,253.3
20210822,10430,15,Isolated,Weakening,Convective,Clear Near,,,,,No,No,Western Atlantic,No,,,,1010.9,12.6,944,619.1,582.9,4662.9,399.3,7618.2,466.2,--,--,83.2,74.9,67.3,73.3,375.7,877.7,1253.4,-0.3,954.5,--,0.07,954.4,,217.4,680.7,898.1,-11,921.6,--,-0.24,808.5,,5.74,112.6,8.7,141,28.64,257,23.2,228.5,,,,7647.97,498,24.98,235.3
20210822,12810,15,Isolated,Weakening,Convective,In Cloud,APR image indicates that this was deployed through anvil cirrus,,,,Yes,Yes,Western Atlantic,No,,,,,,,,584.9,4634.7,398.3,7619.4,467.2,374.7,--,,,66.4,,,,,,,,,,,,,,,,,,,,,,,,34.1,254.3,,,,,,8415.33,,,
20170615,194828,4,Organized,Mature,Stratiform,In Cloud,,,,,Yes,Yes,Caribbean,No,Northward,During,Within,999.9,175.6,924.7,866.2,568.7,4935.9,403.4,7622.4,457.6,365.1,300.1,84.3,,69.5,,,724,,,,,,,,,547.5,,,,,,,,14.06,130.5,19,289.7,4.75,235.1,12,245.1,,,,11266.3,471.1,14.32,262.2
20170615,195138,4,Organized,Mature,Stratiform,In Cloud,,,,,Yes,Yes,Caribbean,No,Northward,During,Within,997.9,154.2,911.8,949.2,573.6,4795.9,401.9,7612.5,462.3,365,300.3,84.3,83.6,78,81.6,451.3,647.5,1098.8,-0.3,942.8,--,--,--,,278.8,469.9,748.7,-0.3,916.4,--,-0.02,913.9,,17.23,130.8,25.7,289,2.48,44.9,8.62,255.7,,,,11018.3,504.2,13.92,277.2
20170615,200515,4,Organized,Mature,Stratiform,In Cloud,,,,,Yes,Yes,Caribbean,No,Northward,After,South,1008.4,50.7,913.3,919.2,566.2,4888.6,401,7620.4,449.9,358.7,291.4,62.8,66.2,77.1,69.3,0,0,0,0,885,885,2.04,884.9,,0,0,0,0,858.6,858.6,3.33,858.3,,11.43,166.3,19.3,327.7,16.54,221.2,19.38,248.8,,,,11359.5,496.5,18.99,262.9
20170615,201416,4,Organized,Mature,Stratiform,In Precip,,,,,No,No,Caribbean,No,,,,,,,,571.8,4830.8,400.9,7619.6,439.8,358.9,298.2,,,82.7,,,,,,,,,,,,,,,,,,,,,,,,23.7,221,,,,,,11290.7,,,
20170616,185014,5,Organized,Mature,Stratiform,In Precip,,,,,No,No,Caribbean,No,,,,996.7,146.9,980.9,287.7,565.8,4904.9,400.6,7621.8,439.4,349.9,294.3,83.5,85,86.4,85.5,158.5,86.9,245.4,-31.5,955.8,397.8,-2.57,631.4,,70.5,11.3,81.9,-34,902.9,491.9,-1.72,631.4,,2.5,128.7,14.44,226.6,7.42,312.9,15.39,245.4,,,,9991.6,504.4,17.76,252.1
20170616,185241,5,Organized,Mature,Convective,In Precip,,,,,No,No,Caribbean,No,,,,,,,,560.1,4976.9,400,7621,438.3,354.3,293.2,,,78.5,,,,,,,,,,,,,,,,,,,,,,,,7.86,171.4,,,,,,10024.9,,,
20170616,190023,5,Organized,Mature,Stratiform,In Precip,,,,,No,No,Caribbean,No,,,,,,,,555.7,5050.3,401.5,7611.8,432.6,354,295.5,,,83.8,,,,,,,,,,,,,,,,,,,,,,,,9.65,245.1,,,,,,9947.1,,,
20170616,190829,5,Organized,Mature,Convective,In Precip,SkewT may suggest In Cloud,Yes,,,No,No,Caribbean,No,,,,,,,,550.4,5128,400.9,7613.3,441,362.7,290.7,,,80.7,,,,,,,,,,,,,,,,,,,,,,,,11.9,231.7,,,,,,9986.1,,,
20170616,191455,5,Organized,Mature,Convective,In Precip,,,,,No,No,Caribbean,No,,,,,,,,566.5,4885.4,399.7,7620,437.3,357.1,--,,,82.3,,,,,,,,,,,,,,,,,,,,,,,,4.72,260.5,,,,,,9945.1,,,
20170616,192038,5,Organized,Mature,Convective,In Precip,Close to stratiform too,,,,No,No,Caribbean,No,,,,,,,,584.6,4646.5,400.8,7612.7,437.8,357.6,291.8,,,82.1,,,,,,,,,,,,,,,,,,,,,,,,2.64,215.9,,,,,,10008.4,,,
20170616,192625,5,Organized,Mature,Stratiform,In Precip,,,,,No,No,Caribbean,No,,,,990.2,338.5,968.1,536.9,580.4,4837.9,407.9,7609.5,445.4,350.5,294.4,87.8,84.9,85.9,85.3,234.9,225.6,460.4,-22.3,957.8,--,0.03,363.3,,83.8,52.7,136.4,-35.1,891.9,454.6,-2.06,588.6,,3.75,99,9.62,314.9,3.07,198.5,5.18,304.4,,,,10064.5,499.9,8.18,295.3
20170616,193323,5,Organized,Mature,Stratiform,In Precip,,,,,No,No,Caribbean,No,,,,,,,,560.1,5011.9,402.3,7618.1,439.7,355.7,294.2,,,87.4,,,,,,,,,,,,,,,,,,,,,,,,2.17,349.5,,,,,,10046.1,,,
20170616,194038,5,Organized,Mature,Stratiform,In Precip,,,,,No,No,Caribbean,No,,,,995.9,183.8,989.7,238.9,555.8,5093.9,403.5,7611,439.5,354.4,293.2,90,88.2,81.6,86.3,173.6,168.1,341.7,-3.1,960.8,--,0.41,960.1,,41.1,23.1,64.2,-34,916.2,393.5,-1,613.6,,1.82,122.3,11.52,344.3,9.76,234.7,9.74,296,,,,10069.1,496.8,15.16,310.9
20170616,205416,5,Organized,Weakening,Stratiform,In Precip,,,,,No,No,Caribbean,No,,,,,,,,555.8,5022.2,399.7,7614.3,435.5,346.8,292.7,,,86.4,,,,,,,,,,,,,,,,,,,,,,,,17.33,222.3,,,,,,12253.8,,,
20170616,205632,5,Organized,Weakening,Stratiform,In Precip,,,,,No,No,Caribbean,No,,,,,,,,563.6,4916,399.9,7607,431,348,289,,,85.9,,,,,,,,,,,,,,,,,,,,,,,,5.35,226.6,,,,,,12007,,,
20170616,210223,5,Organized,Weakening,Stratiform,In Precip,,,,,No,No,Caribbean,No,,,,,,,,572.2,4835.7,401.6,7620.9,436.8,352,293.9,,,89.4,,,,,,,,,,,,,,,,,,,,,,,,12.46,157.1,,,,,,12258.8,,,
20170616,210440,5,Organized,Weakening,Stratiform,In Precip,,,,,No,No,Caribbean,No,,,,,,,,567.8,4841.2,399.5,7611.8,433.4,352.4,291.1,,,82.3,,,,,,,,,,,,,,,,,,,,,,,,13.33,156.8,,,,,,12279.2,,,
20170616,210804,5,Organized,Weakening,Stratiform,In Precip,,,,,No,No,Caribbean,No,,,,,,,,573.6,4770.8,399.7,7619.5,433.3,350.3,290.1,,,83.6,,,,,,,,,,,,,,,,,,,,,,,,5.64,310.6,,,,,,12262.5,,,
20170616,210905,5,Organized,Weakening,Stratiform,In Precip,,,,,No,No,Caribbean,No,,,,,,,,565.7,4904.9,400.6,7622.1,433.6,350.7,292.6,,,85.8,,,,,,,,,,,,,,,,,,,,,,,,4.86,156.5,,,,,,12284.5,,,
20170616,211353,5,Organized,Weakening,Stratiform,In Precip,,,,,No,No,Caribbean,No,,,,,,,,572,4847.3,402.5,7613.3,435.2,352,291.6,,,88.6,,,,,,,,,,,,,,,,,,,,,,,,8.27,170.5,,,,,,12223.6,,,
20170616,211752,5,Organized,Weakening,Stratiform,In Precip,,,,,No,No,Caribbean,No,,,,,,,,566.7,4871,399.4,7618.1,435.8,351.2,292.7,,,81.1,,,,,,,,,,,,,,,,,,,,,,,,7.92,332.1,,,,,,12242.4,,,
20170616,212258,5,Organized,Weakening,Stratiform,In Precip,,,,,No,No,Caribbean,No,,,,,,,,565.5,4888.7,399.3,7621.8,436.4,352.5,292.2,,,77.9,,,,,,,,,,,,,,,,,,,,,,,,4.74,235,,,,,,12289.1,,,
20170616,212951,5,Organized,Weakening,Stratiform,In Precip,,,,,No,No,Caribbean,No,,,,,,,,565.7,4901.6,400.8,7614.1,438.9,356.3,292.8,,,84.5,,,,,,,,,,,,,,,,,,,,,,,,10.44,243.4,,,,,,12281,,,
20170601,182045,6,Organized,Mature,Stratiform,In Precip,,,,,No,No,Gulf,No,,,,,,,,598.4,4516.2,402.9,7616.1,453.9,367.7,301.9,,,85.1,,,,,,,,,,,,,,,,,,,,,,,,17.28,309.1,,,,,,11797.3,,,
20170601,183017,6,Organized,Mature,Stratiform,In Precip,,,,,No,No,Gulf,No,,,,,,,,602.3,4404.5,400.1,7621.1,448.1,363.9,301.9,,,86.1,,,,,,,,,,,,,,,,,,,,,,,,13.07,323.4,,,,,,12192.2,,,
20170601,185014,6,Organized,Mature,Stratiform,In Precip,In weakening convective core,,,,No,No,Gulf,No,,,,991.7,224.4,980.4,325,589.8,4583.7,400.9,7614.3,449.9,362.9,301,80.6,75.7,87.5,80.3,194.2,75.7,269.9,-65.6,950.9,435.1,-0.04,435.8,,87.9,3.8,91.7,-107.5,877.7,562.8,-2.08,630.5,,3.83,165.2,15.07,101.2,10.54,244.8,13.61,149,,,,12288.7,498.4,2.87,298.2
20170601,191341,6,Organized,Mature,Stratiform,In Precip,"In weakening convective core; On edge of stratiform; may be In Cloud, which skewT might support (onion-like profile though)",Yes,,,No,No,Gulf,No,,,,980.6,319.6,943.9,654.6,619.6,4188.1,400.6,7618.1,451,363.4,302.4,63.4,64.7,85.2,74.1,46.2,50.3,96.6,-122,879.1,559.1,-3.16,615,,15.8,22.6,38.4,-204.9,834.5,584.6,-2,615,,3.04,230,7.6,122.3,37.06,288.3,31.57,279.9,,,,12169,500,30.36,283.3
20170601,191656,6,Organized,Mature,Convective,In Precip,In weakening convective core,,,,No,No,Gulf,No,,,,,,,,589.1,4648.2,403.7,7615.7,441.2,361.1,300.3,,,82.5,,,,,,,,,,,,,,,,,,,,,,,,19.14,282.9,,,,,,11991.8,,,
20170601,192823,6,Organized,Mature,Stratiform,In Precip,In weakening convective core,,,,No,No,Gulf,No,,,,993.8,193.4,977.1,341.7,576.3,4741.8,399.9,7614.2,443.7,356.9,294.3,74.7,,86.5,,,0,,,,606,,,,,0,,,,691.2,,,,4.11,84.7,18.41,135.8,6.91,350,17.08,109.3,,,,12148.9,538.5,13.29,116.9
20170601,195458,6,Organized,Weakening,Stratiform,In Precip,"No APR data, so just based on skewT; In weakening convective core",,,,No,No,Gulf,No,,,,,,,,571,4812,399.4,7621.2,439.6,360.3,298.1,,,84.6,,,,,,,,,,,,,,,,,,,,,,,,14,322.3,,,,,,12282.8,,,
20170601,195535,6,Organized,Weakening,Stratiform,In Precip,"No APR data, so just based on skewT; In weakening convective core",,,,No,No,Gulf,No,,,,,,,,581.8,4691.7,401.1,7613.7,445.5,358.7,293.9,,,82.4,,,,,,,,,,,,,,,,,,,,,,,,13.77,36.4,,,,,,12248.3,,,
20170601,195608,6,Organized,Weakening,Stratiform,In Precip,"No APR data, so just based on skewT; In weakening convective core",,,,No,No,Gulf,No,,,,,,,,583.9,4690.2,402,7618.4,444.1,356,295.7,,,86.5,,,,,,,,,,,,,,,,,,,,,,,,12.78,19.5,,,,,,12184.5,,,
20170601,201407,6,Organized,Weakening,Stratiform,In Precip,In weakening convective core,,,,No,No,Gulf,No,,,,,,,,584.9,4615.1,399.1,7614.4,450.4,364.6,301.6,,,84,,,,,,,,,,,,,,,,,,,,,,,,18.35,304.2,,,,,,12194.3,,,
20170601,201542,6,Organized,Weakening,Stratiform,In Precip,In weakening convective core,,,,No,No,Gulf,No,,,,,,,,596,4551.5,403.3,7621.1,453.9,366.6,303.6,,,85.8,,,,,,,,,,,,,,,,,,,,,,,,18.21,290,,,,,,11991.4,,,
20170601,201738,6,Organized,Weakening,Stratiform,In Precip,In weakening convective core,,,,No,No,Gulf,No,,,,,,,,578.4,4791.5,403.3,7619.6,448.5,360.7,297.1,,,80.4,,,,,,,,,,,,,,,,,,,,,,,,7.2,256,,,,,,12268.2,,,
20170601,205904,6,Organized,Mature,Stratiform,In Cloud,In strengthening convective core,,,,Yes,Yes,Gulf,No,Eastward,During,South,1008.4,124.8,945.9,691,569.1,4958.9,405.4,7616.4,450.4,353.3,290.9,88.8,82.2,82.9,82.8,597.2,685.1,1282.3,0,975.4,--,0.03,974.7,,313.7,408.9,722.6,-10.9,922.1,--,0.74,921.2,,10.7,183.2,37.01,266.7,2.11,236.4,41.86,252.2,,,,11873,435.8,43.69,261
20170601,210216,6,Organized,Mature,Stratiform,In Precip,In strengthening convective core,,,,No,No,Gulf,No,,,,1006,137.5,963.3,521.6,592.1,4608.3,404.5,7614.7,443.8,352.6,289.1,89.5,86.1,86.2,86.3,557.6,639,1196.6,-1.5,976.2,--,0.42,975.4,,351.9,399,750.9,-6.8,926.5,--,0.47,926,,12.67,164.8,46.59,257.5,20.07,2.7,42.27,266.3,,,,12234.8,503.4,46.36,281.2
20170601,210255,6,Organized,Mature,Stratiform,In Precip,In strengthening convective core,,,,No,No,Gulf,No,,,,,,,,566.5,4920.5,402.1,7618.2,447.2,350.8,290.3,,,86.6,,,,,,,,,,,,,,,,,,,,,,,,22.33,353,,,,,,11972.8,,,
20170601,212053,6,Organized,Mature,Stratiform,In Precip,In strengthening convective core,,,,No,No,Gulf,No,,,,995.9,161.4,969.5,399.8,574.2,4801.7,401.2,7621.7,445.9,351.9,290.3,87.4,84.3,84.1,84.3,579,638.2,1217.2,-2.4,966.3,--,-0.06,955.5,,304.9,333.9,638.9,-14.6,905.2,201.7,-4.45,612.3,,5.69,172.2,34.5,253.3,12.38,306.6,43,258.8,,,,12370.2,501.5,41.99,268.7
20170601,212208,6,Organized,Mature,Stratiform,In Precip,In strengthening convective core,,,,No,No,Gulf,No,,,,1009.8,63.8,988.2,255.4,563.3,4972.7,402.4,7611.3,447.6,354.8,291.3,83.9,78.6,83.4,80.3,489.4,385.5,874.9,-8.3,953.4,--,-0.15,927.1,,319.3,213.7,532.9,-15.1,916.5,312.9,-0.02,313.6,,8.19,211.5,33.84,249.5,13.64,349.3,38.9,261.6,,,,11812.3,502.1,39.13,283.2
20170601,214431,6,Organized,Weakening,Stratiform,In Precip,In weakening convective core,,,,No,No,Gulf,No,,,,1001.6,112.8,985.2,257.8,588.4,4585.4,400,7619.5,447.9,361.8,301.6,84.9,,83.7,,,271.4,,,,245.1,,,,,171,,,,296.1,,,,3.89,127,30.73,194.7,9.19,328,26.21,200.8,,,,12253.2,513.4,19.03,237.9
20170606,195258,7,Organized,Mature,Stratiform,Clear Near,,,,,Yes,Yes,Gulf,No,Eastward,After,West,995.3,104.9,988.9,161.8,575.8,4741.6,398.4,7620.7,453.7,365.6,--,89.1,71.7,47,60.4,223,562.3,785.3,-19.4,940.2,--,0.81,939.9,,137.5,426.5,564,-54.8,914.3,--,1.37,913.5,,2.87,241.8,32.17,226.4,8.14,148.7,37.63,216.9,,,,8926.1,498.5,28.71,185.8
20170606,204223,7,Organized,Mature,Stratiform,Clear Near,,,,,Yes,Yes,Gulf,No,,,,,,,,567.3,4840.7,398.1,7619.1,440.8,362.2,--,,,45.8,,,,,,,,,,,,,,,,,,,,,,,,4.21,236.4,,,,,,8729.8,,,
20170606,205623,7,Organized,Mature,Stratiform,Clear Near,,,,,Yes,Yes,Gulf,No,,,,,,,,573.4,4825.9,401.9,7610.1,447,366.5,--,,,57.1,,,,,,,,,,,,,,,,,,,,,,,,10.62,211,,,,,,8988.6,,,
20170606,211028,7,Organized,Mature,Stratiform,In Precip,On edge of stratiform; skewT indicates only In Precip for mid-levels,Yes,,,No,No,Gulf,No,,,,982.7,303.8,973.5,386.5,577.7,4786.7,402.7,7613.3,457,358.2,--,84.3,81.5,84.2,82.7,144.7,271.6,416.3,-82.3,919.2,--,2.14,910.4,,116.3,224.7,341,-75.3,885.9,334.5,-3.01,466.4,,1.79,282.6,25,185.8,25.16,246.8,44.63,219.2,,,,9081.2,495.6,40.08,212
20170606,212211,7,Organized,Mature,Stratiform,Clear Near,,,,,Yes,Yes,Gulf,No,Eastward,After,West,988.2,165.5,979.7,242.1,545.3,5178.1,398.6,7622.5,448.1,--,--,90,68,37.1,59.3,419.1,548.5,967.6,-4.3,958.5,--,0.46,957.8,,244.3,387.5,631.7,-15.2,911,--,0.62,910.2,,1.76,263.5,27.02,215.7,7.08,200.8,35.33,214.9,,,,7622.5,500.1,29.35,203
20170606,213227,7,Organized,Mature,Stratiform,In Precip,On edge of stratiform; skewT indicates only In Precip for mid-levels,Yes,,,No,No,Gulf,No,,,,993.6,123.6,982.2,225.1,577.8,4711.8,398.7,7618,452.7,360.6,--,89.3,85.4,82.7,84.5,172.5,510.9,683.5,-23.2,803.9,--,1.51,803.8,,105.5,368.8,474.3,-157.6,913.3,--,1.47,912.9,,2.87,298.3,31.1,228.1,6.25,216.6,37.83,230.5,,,,8749.3,499.2,33.59,215.4
20170617,190630,8,Organized,Mature,Convective,In Precip,,,,,No,No,Caribbean,No,,,,,,,,556.9,5035.3,402.3,7619.7,440.3,352.7,292,,,84.1,,,,,,,,,,,,,,,,,,,,,,,,5.23,221.8,,,,,,11159.6,,,
20170617,191823,8,Organized,Mature,Convective,In Precip,,,,,No,No,Caribbean,No,,,,,,,,560.8,4950.5,399.3,7615.7,434.8,346.3,284.9,,,85,,,,,,,,,,,,,,,,,,,,,,,,13.91,24.8,,,,,,11319,,,
20170617,192938,8,Organized,Mature,Convective,Clear Near,,,,,Yes,Yes,Caribbean,No,,,,,,,,552.6,5110.4,401.3,7620.3,433.5,353.5,294.5,,,69,,,,,,,,,,,,,,,,,,,,,,,,13.66,50.2,,,,,,11313.6,,,
20170617,193525,8,Organized,Mature,Convective,Clear Near,"SkewT shows very moist from 500mb-sfc., so maybe some In Cloud?",Yes,,,Yes,Yes,Caribbean,No,None,During,Within,997.4,114.4,948.3,561.4,551,5114.7,401,7618.6,442.3,347.8,294.7,90.6,,70.9,,558.1,575.3,1133.4,-0.1,970.6,--,0.09,969.6,,308,365.5,673.4,-1.9,925.5,--,0.38,925.3,,5.95,231.5,11.48,326,11.96,44.3,14.67,348.6,,,,11304.9,495.7,17.36,4.5
20170617,194109,8,Organized,Mature,Stratiform,In Precip,,,,,No,No,Caribbean,No,,,,,,,,562.4,4934,399.7,7622.3,430.9,351.1,289.8,,,87.7,,,,,,,,,,,,,,,,,,,,,,,,18.18,34.5,,,,,,11309,,,
20170617,195238,8,Organized,Mature,Stratiform,In Precip,,,,,No,No,Caribbean,No,,,,,,,,559,4987.2,400.1,7618.9,439.3,352.1,291.4,,,79.9,,,,,,,,,,,,,,,,,,,,,,,,4.13,131.1,,,,,,11327.5,,,
20170617,195944,8,Organized,Mature,Stratiform,In Precip,,,,,No,No,Caribbean,No,,,,,,,,558.3,4999.1,400.6,7611.2,435.7,351.6,289.3,,,84.2,,,,,,,,,,,,,,,,,,,,,,,,16,85.1,,,,,,11279.4,,,
20170617,202431,8,Organized,Mature,Stratiform,In Precip,,,,,No,No,Caribbean,No,,,,,,,,559.7,5001.3,401.2,7622.5,431,351,290,,,,,,,,,,,,,,,,,,,,,,,,,,,5.64,220.7,,,,,,11178.7,,,
20170619,173843,9,Organized,Mature,Stratiform,In Precip,,,,,No,No,Gulf,Yes,,,,999.7,131.5,963.7,454.9,577.8,4741.2,401.1,7611.2,437.6,351.1,--,87.2,87.5,86,86.8,487.8,386.1,873.9,-13.7,965.6,--,-0.13,916.5,,288.5,159.3,447.7,-15.5,904.2,377.2,-3.34,590.6,,8.46,170.8,13.27,197.9,14.99,267,27.91,219.3,,,,9658.3,501.6,22.49,233.4
20170619,175950,9,Organized,Mature,,,,,,,No,No,Gulf,Yes,,,,,,,,,,,,,,,,,,,,,,,,,,,,,,,,,,,,,,,,,,,,,,,,,,,
20170619,181834,9,Organized,Mature,Stratiform,In Precip,,,,,No,No,Gulf,Yes,,,,1003.5,64.4,946.9,575.1,575,4753.6,399.6,7613.8,441.9,355.2,295.3,77.2,83.6,86,84.2,169,226.3,395.4,-10,938.4,267.4,-3.35,592.4,,20.7,34.6,55.3,-73.4,896,485.6,-1.52,592.4,,2.36,145.1,3.14,352.8,30.24,219.5,29.13,219.4,,,,10933.2,501.5,28.61,222.8
20170619,183158,9,Organized,Mature,Convective,Clear Near,,,,,No,No,Gulf,Yes,,,,995,140.3,941.2,630.1,574.6,4775.1,399.3,7616.8,455.6,376.4,293.2,89.8,77.2,47.3,67.6,419.3,725.6,1144.8,0,965.3,--,--,--,,174.6,456.9,631.4,-14.4,919.9,--,-0.16,836.2,,2.46,45.1,11,162.5,33.93,216.2,39.07,202.2,,,,10936.9,497.8,40.26,204.8
20170619,183945,9,Organized,Mature,Convective,Clear Near,,,,,No,No,Gulf,Yes,Northwestward,Before,Northwest,993.9,135,944.5,584.3,570.9,4804.1,398.7,7622.4,441.4,365.7,292.1,82.5,78.1,49.3,68.6,337.1,489.3,826.4,-2,950.6,--,-0.12,933.5,,98.3,197.4,295.7,-37.3,896.3,309.6,-3.28,537.2,,3.58,157.7,2.34,0.2,41.08,195.1,41.7,194.1,,,,12173.7,501.2,39.85,197.1
20170619,185537,9,Organized,Mature,,,,,,,No,No,Gulf,Yes,,,,,,,,,,,,,,,,,,,,,,,,,,,,,,,,,,,,,,,,,,,,,,,,,,,
20170619,191047,9,Organized,Mature,,,,,,,Yes,Yes,Gulf,Yes,,,,,,,,,,,,,,,,,,,,,,,,,,,,,,,,,,,,,,,,,,,,,,,,,,,
20170619,192336,9,Organized,Mature,Stratiform,In Precip,On edge of mature stratiform; skewT strongly indicates this is In Precip,,,,No,No,Gulf,Yes,Northwestward,During,Within,987.8,235.1,950.8,569.2,562.6,4959.3,400.8,7620.5,437.7,349.7,293.2,93.8,93.4,86.3,91,210.3,89.5,299.8,-1.8,966.9,355.2,-0.09,361.5,,105.1,16.9,122,-11.4,921.3,470.3,-0.69,507.3,,13.59,203.6,19.05,191.8,9.81,303.7,31.54,213.7,,,,12266.6,502.5,19.33,216.4
20170619,192648,9,Organized,Mature,Stratiform,In Cloud,SkewT either agrees or deeply In Cloud,Yes,,,Yes,Yes,Gulf,Yes,,,,993.2,173.8,968.8,393.2,559.1,5009.4,400.9,7619.5,435.3,351,288.2,82.1,87.1,84.5,86.1,252.9,198.7,451.6,-18.5,951.8,273.7,-3,591,,126.7,67.2,194,-18.2,903.5,406.6,-1.9,592,,10.43,166.1,19.37,210.2,12.12,297.7,28.17,220,,,,12314.9,501.9,21.14,244.4
20170619,193844,9,Organized,,,,,,,,Yes,Yes,Gulf,Yes,,,,,,,,,,,,,,,,,,,,,,,,,,,,,,,,,,,,,,,,,,,,,,,,,,,
20170619,194655,9,Organized,,,,,,,,Yes,Yes,Gulf,Yes,,,,,,,,,,,,,,,,,,,,,,,,,,,,,,,,,,,,,,,,,,,,,,,,,,,
20170619,200136,9,Organized,,,,,,,,No,No,Gulf,Yes,,,,,,,,,,,,,,,,,,,,,,,,,,,,,,,,,,,,,,,,,,,,,,,,,,,
20170619,201802,9,Organized,,,,,,,,No,No,Gulf,Yes,,,,,,,,,,,,,,,,,,,,,,,,,,,,,,,,,,,,,,,,,,,,,,,,,,,
20170619,210132,9,Organized,,,,,,,,No,No,Gulf,Yes,,,,,,,,,,,,,,,,,,,,,,,,,,,,,,,,,,,,,,,,,,,,,,,,,,,
20170619,211946,9,Organized,Weakening,Stratiform,Clear Near,SkewT shows drastic moisture difference above and below 600mb,Yes,,,No,No,Gulf,Yes,Northwestward,Before,Northwest,1006.5,28.2,933.4,693.9,569.2,4838,399,7618.3,451.1,378,287,85,82.5,37.1,67.7,465.7,620.9,1086.7,0,956.4,--,--,--,,246.2,390.2,636.4,-7.1,918.5,223.3,-6.39,356.4,,2.79,78.1,6.05,165.1,39.28,216.8,41.55,206.7,,,,12132.4,496.1,42.94,208.1
20170619,214457,9,Organized,Weakening,Stratiform,In Precip,On edge of weak stratiform; skewT seems to imply In Precip,,,,No,No,Gulf,Yes,Northwestward,During,Within,991.9,178,918.9,848.8,548.9,5151,401.3,7621.9,433.8,345.5,284,88.4,90.8,84.1,88.4,331.3,220.9,552.2,0,950.2,198.9,-3.3,564.9,,136.3,53.1,189.5,-8.9,917.4,376.1,-1.06,430.2,,8.31,163.8,19.55,319,16.33,271.4,28.02,285.3,,,,12582.3,491.3,31.34,288.4
20170619,215537,9,Organized,Weakening,,,,,,,Yes,Yes,Gulf,Yes,,,,,,,,,,,,,,,,,,,,,,,,,,,,,,,,,,,,,,,,,,,,,,,,,,,
20170619,220757,9,Organized,Weakening,,,,,,,Yes,Yes,Gulf,Yes,,,,,,,,,,,,,,,,,,,,,,,,,,,,,,,,,,,,,,,,,,,,,,,,,,,
20170619,221606,9,Organized,Weakening,Stratiform,In Precip,,,,,No,No,Gulf,Yes,,,,,,,,,,,,,,,,,,,,,,,,,,,,,,,,,,,,,,,,,,,,,,,,,,,
20170620,173641,10,Organized,Mature,Stratiform,In Precip,On edge of weak stratiform; skewT implies In Precip,Yes,,,No,No,Gulf,Yes,,,,1007.9,54.2,967.8,414,574.7,4793.8,401.2,7615.5,441.2,348.8,286.8,79.1,77,85.1,79.8,473,442.8,915.8,-18.3,955.1,--,1.24,954.7,,277.6,200.4,478,-41.1,899.8,353.3,-5.91,705.5,,13.66,150.1,26.01,245.7,21,330.5,27.61,260.3,,,,10993.4,495.5,34.95,286.8
20170620,183612,10,Organized,Weakening,Convective,In Cloud,SkewT shows drastic moisture difference above and below 500mb; suggests maybe In Cloud,Yes,,,No,No,Gulf,Yes,Northward,Before,West,994.5,101.3,975.8,268.8,562.1,4903.1,397.7,7614.8,441.2,335.7,282.3,86.4,85.4,41.8,71.6,192.9,278.9,471.8,-5.4,951,366.8,-3.82,502.9,,93.2,177.2,270.4,-4.7,919.5,390.5,-2.86,502.9,,5.43,75.3,17.9,199,44.01,214.7,57.63,206.2,,,,10875.2,495.9,64.39,214.8
20170620,185642,10,Organized,Weakening,Convective,Clear Near,Dropped in cyclonic center; not representative of rain band environment,,,,No,No,Gulf,Yes,,,,987.3,168,926,731.1,525.7,5484,400.9,7611.5,422,--,--,85.8,66.4,25.9,58.2,21.1,129.2,150.3,-68.1,936.6,--,-2.45,491.5,,0.2,20.2,20.4,-219.9,907.4,429.6,-0.02,430.3,,7.78,1.8,35.83,189.1,33.34,209,59.97,200.5,,,,8670,497.3,63.92,201
20170620,190839,10,Organized,Weakening,Convective,Clear Near,Dropped in cyclonic center; not representative of rain band environment,,,,No,No,Gulf,Yes,,,,991.6,62.3,963.1,320.9,516.6,5601.1,399.5,7611.1,432.7,--,--,92.5,56.8,14,48.3,103.2,414.1,517.4,-84,969.5,--,-0.26,666.1,,63,332.7,395.7,-170.3,924.4,--,0.5,923.8,,4.58,323.8,12.95,228.7,4.58,143.5,13.48,228.5,,,,8595.5,497.6,15.4,203
20170620,192225,10,Organized,Weakening,Convective,Clear Near,Dropped in cyclonic center; not representative of rain band environment,,,,No,No,Gulf,Yes,,,,995.6,89.6,971.6,305.7,517.2,5610.5,401.3,7612.4,424.4,--,--,94.7,61.7,19.2,53.2,269.9,304.9,574.8,-1.1,979.3,--,-1.39,903.1,,101,186.9,287.9,-23,930.6,--,-0.39,903.1,,4.87,151.1,17.75,300.2,6.63,331.9,19.32,302.3,,,,8710,504,25.27,324.7
20170620,193827,10,Organized,Weakening,Convective,Clear Near,Dropped in cyclonic center; not representative of rain band environment,,,,Yes,Yes,Gulf,Yes,Northward,After,South,996.2,48,949.3,474.7,511.8,5670,399.2,7621.1,427.7,--,--,91.5,58.3,14.3,50.9,219.1,348.5,567.6,-0.9,968.5,--,-2.1,863.3,,37.4,204,241.4,-62.3,926.2,--,-1.53,619.6,,11.34,185.9,31.75,315.2,6.01,268.1,31.74,290.4,,,,8714.4,503.5,36.01,309.5
20170620,194919,10,Organized,Weakening,Convective,Clear Near,Dropped in cyclonic center; not representative of rain band environment,,,,No,No,Gulf,Yes,,,,988.9,83.3,945.9,475.9,514.5,5616.3,398.8,7616.6,432.9,--,--,91.8,48,10.5,42.1,45.2,338.3,383.5,-95.8,958.3,--,-0.18,644.6,,5.6,190,195.6,-292.7,912.7,--,0.51,912.6,,6.39,199.4,22.45,297.9,0.59,179.7,22.04,279.1,,,,8651.2,503.9,22.01,297.9
20170620,200507,10,Organized,Weakening,Convective,In Cloud,Dropped in cyclonic center; not representative of rain band environment; Weird low cloud up to ~2km in APR imagery; however skewT supports that this is a cloud,Yes,,,No,No,Gulf,Yes,,,,989.6,84,971.6,245.7,516.8,5577.4,399,7609.2,422.5,--,--,94.5,63.1,15.8,52.8,19.3,141.2,160.5,-188.9,768.2,--,-2.94,453.8,,3.1,89.3,92.3,-269.2,925.5,387.6,-2.24,453.8,,3.19,42.6,40.35,187.2,8.35,192.1,45.86,185.1,,,,8674.8,495.7,51.57,189.1
20170620,202025,10,Organized,Weakening,Convective,Clear Near,Dropped in cyclonic center; not representative of rain band environment,,,,No,No,Gulf,Yes,,,,982.3,140.6,961.5,329.1,511.2,5659.3,398.1,7620.3,429.1,--,--,92.9,63.7,17.6,54.3,2.6,156.1,158.7,-200.3,963,--,-0.3,552.5,,0.4,130.8,131.2,-233.1,916.4,--,-0.02,552.5,,9.17,175.1,20.01,204,29.42,223.9,56.08,210,,,,8650.3,503.4,45.05,219.1
20170620,202934,10,Organized,Weakening,Convective,Clear Near,Dropped in cyclonic center; not representative of rain band environment,,,,No,No,Gulf,Yes,,,,981.2,150.3,938.9,539.2,509.2,5701.8,399,7614.7,432.1,--,--,89,48.1,11.7,42.5,24.2,281.6,305.8,-162.2,945.8,--,0.18,945.1,,6.5,204.8,211.3,-269.8,905.3,--,0.84,905.1,,2.52,212.4,27.6,302.3,4.7,240.3,30.69,289.3,,,,8678.5,500,30.51,293.3
20170620,204152,10,Organized,Weakening,Convective,Clear Near,Dropped in cyclonic center; not representative of rain band environment; SkewT would suggest Clear Near,Yes,,,No,No,Gulf,Yes,Northward,Unclear,West,995.2,51.2,966.6,309.5,533.2,5328.3,399,7618,419.1,--,--,91.1,63.4,22.1,53.5,154.8,289.9,444.7,-6.4,968,--,0.45,966.6,,50.1,190.3,240.4,-29.7,921.5,--,-0.24,638.7,,1.09,223.9,21.69,313.6,4.85,36.7,23.09,321.5,,,,8697.6,499.5,21.22,335.1
20170620,205123,10,Organized,Weakening,Stratiform,Clear Near,"Dropped in cyclonic center; not representative of rain band environment; SkewT may suggest a stray cloud, though Clear Near is still most accurate",Yes,,,No,No,Gulf,Yes,,,,961.3,409.3,948.9,523.4,545.6,5186.6,400.7,7619.7,416.9,343.5,287.8,95.1,76,49.3,68.1,73.4,187.9,261.3,-4.3,950.6,--,-1.12,686.8,,22.5,115.9,138.5,-34.5,899.4,250.5,-2.22,528.6,,3.7,242.2,24.47,323.4,9.51,319.2,34.64,315.5,,,,11643.9,503,33.82,320.4
20170620,211547,10,Organized,Weakening,,,,,,,No,No,Gulf,Yes,,,,,,,,,,,,,,,,,,,,,,,,,,,,,,,,,,,,,,,,,,,,,,,,,,,
20170620,215332,10,Organized,Weakening,Stratiform,In Precip,"Weakening edge of stratiform; skewT may support In Precip, though In Cloud is probably the right call since low levels in skewT are not crazy moist like they would be in precip.",Yes,,,No,No,Gulf,Yes,,,,995.3,117.4,930.1,715.9,559.4,4971.6,399.9,7620,430,345.9,286.9,88.2,83.7,85.6,84.8,589.1,542.7,1131.8,0,959.8,--,--,--,,295.7,263.7,559.4,-8.6,911.3,198.4,-4.35,577.3,,15.81,190.7,2.87,241.9,15.01,312.3,18.02,246.5,,,,12486.2,503.2,19.46,270
20170620,220425,10,Organized,Weakening,Stratiform,In Cloud,,,,,Yes,Yes,Gulf,Yes,Northward,Before,East,994.2,142.1,955,498.5,553.6,5079.7,400.7,7616.4,443.5,353.7,290.5,77.8,66.7,84.6,72.7,323.7,443.2,766.9,-17.6,940.2,--,1.34,939.8,,92.1,188.2,280.2,-49,881.2,312.8,-2.48,463.6,,8.38,210.7,8.47,244,11.6,287.6,24.14,251.7,,,,12596.1,498.5,18.64,268.8
20170602,181444,11,Scattered,Weakening,Stratiform,In Cloud,,,,,Yes,Yes,Gulf,No,,,,989.3,233.3,927.2,804.7,582.1,4708.9,402.4,7617,441.5,353.1,295.8,83.6,52.1,85.4,67.4,429,590.2,1019.2,0,948.3,--,--,--,,97.6,130.8,228.4,-69.4,878.1,375.2,-3.43,568.8,,7.08,201,23.41,258.5,13.17,347.2,27.85,273.2,,,,12242.9,492.2,27.2,276.6
20170602,182641,11,Scattered,Weakening,Stratiform,In Cloud,,,,,Yes,Yes,Gulf,No,None,Before,East,990,208.1,947.9,591.6,569.1,4874.4,401.1,7621.3,440.6,358.9,292.5,86,60.3,86.8,71,479.6,478.5,958.1,-1.3,958.3,--,-0.09,951.7,,199.2,146.1,345.3,-44.5,893.6,313.6,-0.17,317.6,,9.79,159.1,36.17,268.8,16.64,30.1,24.09,280.2,,,,12276,503,29.29,290.6
20170602,183845,11,Scattered,Weakening,Stratiform,In Precip,On edge of weak stratiform; skewT would indicate this is probably In Precip,Yes,,,No,No,Gulf,No,,,,988.9,206.1,951.6,545.2,573.5,4797.2,401.1,7612.7,442.1,351.8,292.5,79.6,66.8,88.8,76.1,409.7,430.8,840.5,-21.7,957.1,--,0.16,956.6,,45.7,1.5,47.2,-172.6,848.5,553.8,-1.77,656.4,,8.53,201.3,27.03,268,6.78,62.7,24.9,255.6,,,,12293.2,499.2,21.38,270.5
20170602,185157,11,Scattered,Weakening,Stratiform,In Cloud,SkewT doesn't rule out In Precip,Yes,,,No,No,Gulf,No,None,During,Within,1006.4,57.5,984.9,248.7,556.3,5028.5,400.5,7611.5,437.7,354.7,295.6,89.4,89,85,87.5,608.3,344,952.3,-4.2,980.3,--,0.64,978,,315.2,86.5,401.7,-1.5,924.7,292.6,-0.13,298.7,,3.51,183.4,17.63,304.2,2.52,202.7,16.37,283.1,,,,12267.3,507.2,20.1,318.2
20170602,190511,11,Scattered,Weakening,Stratiform,Clear Near,,,,,No,No,Gulf,No,,,,,,,,565.1,4884.9,399.7,7614,434.8,357.4,292.1,,,77.6,,,,,,,,,,,,,,,,,,,,,,,,8.11,234.9,,,,,,12195.6,,,
20170602,191930,11,Scattered,Weakening,Stratiform,Clear Near,,,,,No,No,Gulf,No,,,,1002.3,45.3,962.7,401.3,550.6,5096.5,399,7619.7,440.7,355.1,290.2,85.9,80.6,73.9,78.6,312.8,349.1,661.9,-8.1,964.7,--,0.31,964.6,,142.6,193.2,335.8,-12.9,914.4,229.9,-0.8,236.8,,7.39,181.6,22.23,4,30.23,246.9,26.33,274.6,,,,11959.4,503.3,27.56,297.2
20170602,194002,11,Scattered,Weakening,Convective,Clear Near,,,,,No,No,Gulf,No,,,,993.6,136.2,941.1,614.4,549.8,5124.1,399.4,7616.7,454.4,369.6,301.5,87.2,50.9,49.3,53.4,321.8,456.7,778.5,-0.1,956.3,--,-0.41,946.1,,62.2,220.9,283.1,-15,907.9,233.1,-3.37,458.7,,3.32,353.2,7.56,18,26.26,252.7,23.71,277,,,,11952.4,489.5,23.01,274.3
20170602,194833,11,Scattered,Growing,Convective,Clear Near,"Fringe case; but the ""growing"" here is referencing the convection to the east of the dropsonde",,,,No,No,Gulf,No,,,,1000.1,79.7,954.4,492.3,544.2,5203.8,399.8,7611.3,449.7,363.6,294.9,87.3,75.7,59.3,71.6,365.7,400.5,766.3,-0.1,965.1,--,-0.2,941.3,,146.1,216.6,362.7,-8.1,919.1,213.2,-3.92,425.5,,7.11,234.9,22.78,27.4,22.96,225.3,12.44,268.2,,,,12588.5,497.8,7.32,302
20170602,204222,11,Scattered,Weakening,Stratiform,In Cloud,,,,,Yes,Yes,Gulf,No,,,,990.7,204.2,925.6,803.3,590.6,4572.4,401.4,7610,445.3,353.8,293,88.2,69.7,85.5,77.4,563.3,741,1304.4,-0.2,962.1,--,0.12,961.3,,268.1,390.8,658.9,-4.5,909.5,--,0.49,905.8,,8.93,196.5,22.47,264,8.97,342.2,28.28,265.6,,,,11837.7,490.3,27.88,274.4
20170602,205847,11,Scattered,Weakening,Stratiform,In Cloud,,,,,Yes,Yes,Gulf,No,None,Before,East,995.1,182.8,949.9,593.9,610.2,4329,402.8,7614.9,440.4,353.5,291.8,85.4,63.6,86.4,74.3,465.3,797.1,1262.5,-2.2,972.9,--,-0.74,955.2,,181.5,333.5,515,-55.2,893.3,--,1.81,893,,8.98,173.8,29.34,247,10.57,353.6,26.9,248.8,,,,12659.5,498,27.17,263.9
20170602,211446,11,Scattered,Weakening,Stratiform,In Cloud,,,,,No,No,Gulf,No,,,,976.6,306.8,963.9,422.7,551,5105.6,400.8,7614,434.5,350.3,290.8,79.5,81.7,82.4,81.9,382.1,230.9,613,-29.9,922.4,--,1.83,922.4,,290.5,140,430.5,-14.6,878.2,204.1,-5.38,657.1,,2,209.1,30.97,273.6,3.93,57,28.67,274.7,,,,12621.7,499,27.85,282.1
20170602,212545,11,Scattered,Weakening,Stratiform,In Cloud,,,,,No,No,Gulf,No,,,,956.5,469.8,952.7,504.9,544.7,5190.7,399.5,7622.3,436.6,352.4,293.3,87.4,87,84.6,86.1,355.7,280.7,636.4,-11,916.2,--,-4.93,710.3,,231.8,165.9,397.7,-6.3,880.5,197.7,-4.04,710.3,,1.38,278.2,15.55,290.5,4.21,33.7,16.18,302.7,,,,12592.7,496.6,15.8,304.5
20170602,213315,11,Scattered,Weakening,Stratiform,In Cloud,"On edge of weak stratiform; skewT would indicate this is possibly In Precip, though probably it had very recently rained there, but not while dropsonde was falling there",Yes,,,No,Yes,Gulf,No,None,Before,South,1003.1,65.5,945.9,584.3,555,5041.3,400.2,7614.2,435.6,354.4,295.3,93.7,86.9,86.2,87.3,721.5,544.7,1266.3,0,983.3,--,-7.49,727.4,,431.1,297.1,728.1,-0.3,935.7,--,-5.66,727.4,,10.91,175.8,18.35,295.7,4.84,310.1,19.45,269.4,,,,12606,500.2,22.9,293.5
20170602,214126,11,Scattered,Weakening,Stratiform,In Cloud,,,,,No,Yes,Gulf,No,,,,986.9,216.4,941.1,635.3,568.5,4857.1,400.7,7607.6,434.9,350.8,293.3,91.6,77.6,80.7,79.4,624.9,513.9,1138.7,-0.4,969,--,0.17,968.2,,282.1,164.8,447,-7.6,901.7,217,-6.3,647.3,,10.7,176.9,25.44,300.3,9.25,139.2,15.99,251.5,,,,12617.1,500.1,16.26,277.5
20170602,215202,11,Scattered,Weakening,Stratiform,In Cloud,,,,,Yes,Yes,Gulf,No,,,,995.5,136.6,958.7,469.7,573.5,4778.1,399.9,7612.5,438,355.3,291.9,87.8,69.7,80,74.2,557.4,524.5,1082,-2.5,967.3,--,0.39,966.8,,276.2,172.7,448.9,-51.4,897.3,327.1,-0.8,360.8,,7.65,152.7,36.1,279.9,7,44,27.49,278.1,,,,12547.3,498.2,32.54,290.2
20170611,171840,12,Scattered,Weakening,Convective,Clear Near,,,,,Yes,Yes,Gulf,No,Eastward,Before,South,1006.3,94.5,949.7,607.2,572.6,4856.8,403.2,7607.4,449.2,359.5,301.5,84.4,70.8,58.6,68,511.3,656,1167.3,-0.6,963.6,--,0.2,962.8,,234.6,369.3,603.9,-7.9,913.3,--,0.59,912.6,,6.44,215.1,20.52,255.2,5.85,291.5,30.57,253.7,,,,10957.9,495.7,27.19,260.5
20170611,172831,12,Scattered,Weakening,Convective,Clear Near,,,,,Yes,Yes,Gulf,No,,,,988.4,236.5,949.7,589.7,576.4,4792,402.5,7617.2,437.1,358.2,--,84.1,66.4,60.7,65.5,352.3,494.6,847,-8.4,946.5,--,0.61,945.5,,169.3,278.4,447.7,-16.3,895.7,--,-0.04,840.9,,4.78,211.7,18.77,264.1,11.48,331.7,26.89,277.9,,,,9427.9,504.8,25.79,285.3
20170611,211639,12,Scattered,Weakening,Stratiform,Clear Near,Weakening based on time lapse of IRCOLOR (same goes for the 213013 dropsonde),,,,Yes,Yes,Gulf,No,Eastward,Unclear,South,1006,63.9,994.8,163.7,558.6,4994.7,401.7,7612.5,442.6,359.9,300.5,78.5,76.8,68.8,74.1,396.2,492.6,888.8,-5.9,937.1,--,0.54,930.7,,243.6,338.5,582,-19,909.3,--,1.06,906.9,,3.04,139.9,17.93,247,4.2,291.6,20.15,247.9,,,,11980.5,483.1,18.68,270.6
20170611,213013,12,Scattered,Weakening,Stratiform,Clear Near,"In cirrus anvil region; skewT indicates possible ""In Cloud""",Yes,,,Yes,Yes,Gulf,No,,,,,,,,591.1,4593.4,401.6,7622.5,461.3,359.8,296.7,,,79.5,,,,,,,,,,,,,,,,,,,,,,,,13.8,283.1,,,,,,11914.4,,,
20170611,180016,13,Organized,Growing,Convective,Clear Near,,,,,Yes,Yes,Gulf,No,,,,1006.2,57.8,956.6,505.9,544.3,5245.4,402.7,7612.1,427.2,362,--,92.1,74.4,51,68.1,607,570.2,1177.2,0,980,--,--,--,,374.9,388.2,763.1,-8.2,938.8,--,0.92,938.7,,5.36,226.6,6.88,327.6,15.35,247.7,22.07,260.9,,,,9079.5,505.9,17.9,270.6
20170611,180620,13,Organized,Growing,Convective,Clear Near,,,,,No,Yes,Gulf,No,Eastward,Unclear,West,987,233.8,946.3,606.3,548,5190.5,403.2,7609.4,424,357.1,--,87.2,72.3,43.4,64.8,414.1,400.3,814.4,-2.3,949.5,--,0.47,949.2,,240.8,255.1,495.9,-2.1,914,--,0.34,913.4,,5.6,146.5,10.35,320.4,11.09,273,14.92,285.1,,,,8804,503.5,18.72,295.2
20170611,181534,13,Organized,Growing,Convective,Clear Near,,,,,No,No,Gulf,No,,,,998.7,109.8,939.8,647.3,537.9,5326.7,401.9,7619.7,428.9,357.1,--,89.2,59.6,43.6,57.9,449.9,421.5,871.4,-0.1,963.3,--,0.08,963.2,,161.3,202.9,364.2,-3.5,917.9,--,-1.08,871.7,,8.49,164.1,9.86,237.8,14.24,280.2,22.89,241.1,,,,8793.3,497.9,22.13,257.3
20170611,181950,13,Organized,Growing,Convective,Clear Near,,,,,No,No,Gulf,No,,,,1001.3,83.4,947.7,570.1,537.6,5331.5,401.4,7620.8,432.5,358.1,--,88.8,60.2,39.4,56.7,444.8,432.8,877.6,-0.1,965.6,--,0.1,965.6,,178.3,228.4,406.7,-6.1,920.2,--,0.64,920,,12.13,192,9.59,215.9,18.06,277.5,31.65,236,,,,9054.2,487,24.92,247.1
20170611,182749,13,Organized,Growing,Convective,Clear Near,,,,,No,Yes,Gulf,No,,,,,,,,537.2,5339.8,401.8,7619.1,430.6,356.9,--,,,46.5,,,,,,,,,,,,,,,,,,,,,,,,11.19,249.7,,,,,,8995.4,,,
20170611,185332,13,Organized,Mature,Convective,Clear Near,,,,,No,No,Gulf,No,,,,1006.5,46.7,987.6,214.8,551.8,5119.2,401.6,7614.8,433.3,358.2,--,82.9,66.6,32.8,57.2,231.6,316.3,547.9,-24.9,965.7,--,-0.01,884.9,,96.2,179.8,276,-29.3,910,--,-0.66,838.3,,7.18,341.1,17.1,211.5,7.07,277.8,19.24,251.7,,,,9033.8,496.7,16.68,229.2
20170611,185925,13,Organized,Mature,Convective,Clear Near,,,,,No,No,Gulf,No,Eastward,Unclear,West,999.9,111.2,988.1,216.2,564.3,4939.1,401.2,7620.4,443,360.6,--,84.9,79.1,34,64.5,129.3,324.3,453.5,-35.3,935.9,--,-0.16,769.8,,83.5,252.7,336.2,-50.3,906.4,--,-0.06,861.4,,1.79,319.4,15.93,226,14.26,297.6,25.81,263.5,,,,8928.9,497.6,24.16,243.2
20170611,191804,13,Organized,Mature,Convective,In Cloud,,,,,Yes,Yes,Gulf,No,,,,990.8,194.8,954,529.4,565.6,4928.1,400.9,7621.2,448.8,361.2,--,86.2,78.8,66.8,74.8,391.2,574.7,965.9,-5.1,956.2,--,-0.07,865.7,,154.1,289.4,443.4,-46.8,891.5,--,-0.27,790.5,,4.92,225.2,17.53,301.4,18.9,200.5,28.16,243.8,,,,9042.6,500.8,24.33,246.9
20170611,192343,13,Organized,Mature,Stratiform,In Cloud,,,,,Yes,Yes,Gulf,No,Eastward,Before,East,1000.1,125.8,956.7,518.5,551.5,5137.1,401.9,7609.6,464.6,360.7,--,92.2,84.1,76.9,82.4,639.1,710.1,1349.2,0,979.1,--,--,--,,357.4,457.3,814.7,-22.3,922.7,--,0.92,921,,8.72,203.7,23.65,284.3,8.58,184,28.71,248.1,,,,8965.7,508.4,23.9,263
20170611,192847,13,Organized,Mature,Stratiform,In Precip,,,,,No,No,Gulf,No,,,,1008.9,38.9,993,179.9,583.3,4669,400.3,7621.9,452.6,361.9,--,82.2,87.2,80.9,84.8,495.6,705,1200.7,-3.8,955.5,--,-1.31,911.2,,309.1,486.9,796,-14.7,926.3,--,0.45,924.5,,5.73,151.6,16.25,312,19.68,249.8,28.01,268.1,,,,8984.2,502.2,25.22,288.5
20170611,193029,13,Organized,Mature,Stratiform,In Precip,,,,,No,No,Gulf,No,,,,,,,,582.2,4680.5,400.8,7614.3,448.1,361.3,--,,,75.4,,,,,,,,,,,,,,,,,,,,,,,,31.67,253.2,,,,,,9032.4,,,
20170611,193223,13,Organized,Mature,Stratiform,In Precip,,,,,No,No,Gulf,No,,,,,,,,576.1,4755.2,400.4,7611.1,452.5,361.8,--,,,81.6,,,,,,,,,,,,,,,,,,,,,,,,32.72,254.1,,,,,,9019.6,,,
20170611,194957,13,Organized,Mature,Stratiform,Clear Near,,,,,No,No,Gulf,No,,,,995.8,176.4,979.4,323.3,560,5037.7,402.9,7614.4,453.9,366.5,--,83,56.6,30.8,49.1,174.1,402.5,576.5,-33.7,958,--,-0.23,703,,48.4,158.5,206.8,-151.2,890.4,--,1.49,889.7,,3.48,333.4,9.64,228.3,13.49,276.6,22.96,267.1,,,,9082.7,499.8,21.08,251.7
20170611,195558,13,Organized,Mature,Stratiform,Clear Near,,,,,No,No,Gulf,No,,,,1007.4,41.8,972.6,353,555.2,5072.3,401,7615.7,435,366.7,--,84.3,73.5,22.2,59,339.3,506,845.4,-5.1,969.8,--,0.58,969.7,,103.5,247.3,350.8,-56.5,910.2,--,0.01,715.7,,3.39,336.6,18.77,252.5,7.27,285.6,26.43,269.2,,,,9044.1,500.1,24.32,257.1
20170611,200348,13,Organized,Mature,Stratiform,In Cloud,On edge of stratiform; skewT would indicate this is probably In Cloud,Yes,,,No,No,Gulf,No,Eastward,Unclear,West,999.5,158.3,973.1,394.7,571.4,4876.3,403,7613.4,445.2,364.4,--,86.7,85.4,59.1,76.7,242.2,331.2,573.4,-29.9,957.8,--,-0.16,851.6,,230.7,317.3,547.9,-19.9,921.9,--,-0.06,851.6,,4.86,127,18,290.2,3.17,317.6,15.59,288.9,,,,9044.1,498.4,22.98,292.9
20170611,200505,13,Organized,Mature,Stratiform,In Cloud,"On edge of stratiform; skewT might show In Precip, might not",Yes,,,No,No,Gulf,No,,,,994.1,224.7,980.9,342.2,579.3,4776.2,403.6,7619.1,445.2,363.3,--,87,83.8,84.1,84,171.1,273.7,444.7,-25.7,879.5,--,-0.84,826.2,,118.9,181.9,300.8,-70.4,911.2,--,-0.61,740.5,,5.56,155.1,13.05,241.6,18.2,326.3,19.94,280.1,,,,9067.6,505.8,27.36,290.3
20170611,200935,13,Organized,Mature,Stratiform,In Precip,,,,,No,No,Gulf,No,,,,,,,,556.3,5089.8,402.7,7618,450.9,359.9,--,,,85.1,,,,,,,,,,,,,,,,,,,,,,,,22.45,300.1,,,,,,9005,,,
20170611,202058,13,Organized,Weakening,Stratiform,In Cloud,"On edge of stratiform; skewT might show In Precip, might not",Yes,,,Yes,Yes,Gulf,No,,,,1001,162.3,959.5,537.3,574,4866.1,404.3,7614.4,443.1,360.6,--,92.8,84.5,80,83.5,524.4,736.1,1260.4,-0.2,980.3,--,0.1,980.1,,290.6,496.2,786.8,-12.7,925.6,--,1.28,924.8,,6.5,212.9,7.06,332.1,25.41,301.8,32.78,294.9,,,,9096.3,499.7,33.1,304.7
20170611,204602,13,Organized,Weakening,Stratiform,Clear Near,,,,,Yes,Yes,Gulf,No,Eastward,Before,East,995.2,156.8,970.4,380.7,539.5,5323.5,402.8,7618.5,420.9,359.6,--,89.5,64.4,47.3,60.7,493.3,462.3,955.6,-2.4,970.5,--,-0.39,917.3,,266.9,261.5,528.4,-34.7,910.6,--,1.2,910.4,,4.12,188.2,17.69,238.9,2.17,259.4,22.31,232.4,,,,9028.9,504.6,17.82,243.4
20210821,221529,14,Organized,Mature,Stratiform,Clear Near,,,,,Yes,Yes,Western Atlantic,No,,,,,,,,578.1,4567.6,400.2,7620,451.7,361.6,--,,,59.3,,,,,,,,,,,,,,,,,,,,,,,,24.49,257.6,,,,,,9102.02,,,
20210821,223238,14,Organized,Mature,Convective,Clear Near,"SkewT suggest In Cloud, but APR plot doesn't",Yes,,,No,No,Western Atlantic,No,,,,1009.6,7.8,956.8,481.3,567.9,4853.2,398.2,7622.3,449.1,361.2,--,89.1,,85.4,,,564.7,,,,,,,,,393.7,,,,,,,,8.25,52.1,2.11,336.8,4.43,12.4,13.13,30,,,,9072.67,500.8,6.19,4.4
20210821,230105,14,Organized,Mature,Convective,In Cloud,,,,,Yes,Yes,Western Atlantic,No,,,,1008.9,27.9,973.9,338.5,584.9,4616.8,398.6,7614.7,443.8,359.7,--,88.9,,80.5,,,381.6,,,,,,,,,254.2,,,,,,,,0.96,225.3,26.18,55.2,33.45,268.7,18.49,320.8,,,,9042.69,505.1,19.22,302.1
20210821,230907,14,Organized,Mature,Convective,Clear Near,,,,,Yes,Yes,Western Atlantic,No,,,,983.5,90.7,933.3,549.6,583.1,4498.1,390.6,7617.3,451.7,364.6,--,95.2,70,74.7,73.2,301.7,619.2,920.9,0,959.2,--,--,--,,124.7,395.6,520.3,-7,917.7,--,-0.97,869.2,,4.95,114.8,18.86,95.9,31.24,266.9,9.87,234.9,,,,8877.94,507.7,13.53,249.2
20210821,232221,14,Organized,Mature,Convective,Clear Near,,,,,Yes,Yes,Western Atlantic,No,,,,,,,,575.4,4521.8,399.7,7610.3,445.6,361.7,--,,,63.8,,,,,,,,,,,,,,,,,,,,,,,,23.13,253.9,,,,,,9061.95,,,
20210824,180143,16,Organized,Mature,Convective,Clear Near,,,,,No,No,Caribbean,No,,,,1007.1,8.2,918.9,816.4,559.5,4956.4,397.9,7617.5,438.9,358.2,--,82.6,45.9,44.8,47.6,423.9,455.6,879.5,-0.9,937,--,0.15,935.2,,231.2,258.6,489.8,-7.7,904.5,--,-0.06,864.5,,8.61,116.2,19.21,238.5,15.77,87,14.64,151.1,,,,8626.33,517.1,13.06,156.2
20210824,183414,16,Organized,Mature,Convective,In Precip,,,,,No,No,Caribbean,No,,,,1004.1,9.2,990.9,126.2,,,397.4,7620,,,--,92.7,,,,,,,,,,,,,,,,,,,,,,1.19,48.6,,,,,15.92,354.6,,,,9051.51,502,21.66,332.5
20210824,184134,16,Organized,Mature,Convective,In Precip,,,,,No,No,Caribbean,No,,,,1000.6,6.5,981,180,554.8,4953.7,394.4,7620,440.9,350.9,--,99.4,97.3,93.5,96,144.1,140.7,284.8,-0.1,938.8,347.7,-2.23,507,,110.9,109.3,220.2,-2,940.6,369.9,-1.93,507,,0.39,37.2,18.45,59.2,9.09,267.8,11.52,36.6,,,,8957.84,545.4,18.74,2.7
20210824,190312,16,Organized,Mature,Convective,Clear Near,,,,,No,No,Caribbean,No,,,,1007,8.1,907.9,921.1,549.1,5098.7,397.5,7619,436.7,363.9,--,88,37.8,54,48.9,657.7,589,1246.6,0,945.1,--,--,--,,505,453.9,958.9,0,926.6,--,--,--,,6.05,142.9,14.48,242.3,4.01,157.3,17.33,206.4,,,,9012.1,510,15.55,201.1
20210824,190929,16,Organized,Mature,Stratiform,Clear Near,,,,,No,No,Caribbean,No,,,,999,51.1,912.4,849.5,557.3,4957.4,396.1,7619.1,440.7,360.7,--,89.5,31.3,50.9,40,530.7,559,1089.7,-0.1,940.9,--,0,938.3,,381.1,412.8,793.9,-0.3,916.3,--,0.13,912.4,,8.58,136.2,16.57,239.8,6.78,160,21.98,196.4,,,,9038.08,531.5,20.4,203.2
20210824,192748,16,Organized,Weakening,Stratiform,In Precip,"Or heavily In Cloud, based on skewT and APR plots",,,,No,No,Caribbean,No,,,,,,,,563.4,4888.1,397.4,7621.4,435.3,356.6,--,,,94,,,,,,,,,,,,,,,,,,,,,,,,21.92,250.5,,,,,,9047.73,,,
20210824,193957,16,Organized,Weakening,Stratiform,In Precip,"Or heavily In Cloud, based on skewT and APR plots",Yes,,,No,No,Caribbean,No,,,,1004.3,7.7,950.3,495,561.3,4897.8,397.2,7614.9,437.1,350.3,--,91.8,,95.3,,,521,,,,,,,,,378.7,,,,,,,,2.7,169.7,,,15.43,352,2.96,290.7,,,,9041.33,495,4.93,318.7
20210824,194743,16,Organized,Weakening,Stratiform,In Precip,"Or heavily In Cloud, based on skewT and APR plots",,,,No,No,Caribbean,No,,,,,,,,553.6,5006.7,396.5,7617.4,434.3,350.2,--,,,92.1,,,,,,,,,,,,,,,,,,,,,,,,4.88,281.1,,,,,,9038.81,,,
20210824,201249,16,Organized,Weakening,Stratiform,Clear Near,,,,,No,No,Caribbean,No,,,,,,,,577,4636.8,395,7620.2,436.3,355,--,,,52.4,,,,,,,,,,,,,,,,,,,,,,,,15.63,238.3,,,,,,8992.86,,,
20210826,191017,17,Organized,,,,,,,,,,Caribbean,Yes,,,,,,,,,,,,,,,,,,,,,,,,,,,,,,,,,,,,,,,,,,,,,,,,,,,
20210826,194113,17,Organized,,,,,,,,,,Caribbean,Yes,,,,,,,,,,,,,,,,,,,,,,,,,,,,,,,,,,,,,,,,,,,,,,,,,,,
20210826,203321,17,Organized,,,,,,,,,,Caribbean,Yes,,,,,,,,,,,,,,,,,,,,,,,,,,,,,,,,,,,,,,,,,,,,,,,,,,,
20210826,204843,17,Organized,,,,,,,,,,Caribbean,Yes,,,,,,,,,,,,,,,,,,,,,,,,,,,,,,,,,,,,,,,,,,,,,,,,,,,
20210826,210759,17,Organized,,,,,,,,,,Caribbean,Yes,,,,,,,,,,,,,,,,,,,,,,,,,,,,,,,,,,,,,,,,,,,,,,,,,,,
20210826,211832,17,Organized,,,,,,,,,,Caribbean,Yes,,,,1003.8,8,934.4,640.4,555.2,4989.3,397,7620.1,437.9,356.7,--,87.9,75.3,73.8,75.6,306.3,475.4,781.7,-0.2,944.3,--,-0.03,939,,208.7,374.5,583.2,-8.2,923.2,--,-0.2,869.5,,0.4,2.5,7.46,73.4,7.66,203.4,5.54,136.2,,,,8762.52,498.7,5.97,109.7
20210826,213400,17,Organized,,,,,,,,,,Caribbean,Yes,,,,1005.7,7.8,936.3,639,559.7,4957.5,397.9,7621.2,443.6,356.6,--,88.9,78.7,91.2,83.6,357.7,571,928.8,0,954.8,--,--,--,,159.8,362.1,522,-16.2,920.7,--,-0.06,861.2,,5.18,204.1,7.3,88.3,16.93,313.1,10.32,312.4,,,,8789.13,494.6,11.63,316.6
20210826,215332,17,Organized,,,,,,,,,,Caribbean,Yes,,,,1006.5,8.5,959.1,436.1,553.6,5050.5,398,7619.9,445.3,363.1,--,85.4,79.2,48.2,69.7,412.9,572.7,985.6,-3.9,957.7,--,-0.12,924.6,,209.7,371.7,581.3,-11.4,911.1,--,0.98,910,,6.71,135.7,3.71,286,0.49,35.9,4.02,156.1,,,,8757.12,503,4.62,297.6
20210828,215959,18,Organized,,,,,,,,,,Western Atlantic,Yes,,,,1009.5,8.8,966.5,393.3,570.4,4820.2,398.6,7621.6,434.7,--,--,84.8,73.6,13.5,54.7,163.8,257.9,421.7,-5.5,955.8,--,-0.12,756.6,,59.3,119.6,178.9,-32.8,923.1,417.2,-2.53,486.2,,5.15,103.6,23.19,210.2,6,36.6,16.75,190.7,,,,7661.75,499.6,16.17,205.7
20210828,221300,18,Organized,,,,,,,,,,Western Atlantic,Yes,,,,1008.3,12.1,954.9,492.3,573.8,4779.1,399.2,7615.6,439.5,--,--,89.2,78.5,72.7,77.5,170.2,415.4,585.6,-4.8,965.2,--,-0.48,893.4,,75.1,241.6,316.7,-71.2,924.1,--,0.93,923.9,,4.68,53.2,14.77,186.8,13.69,72.1,16.8,117.2,,,,7677.59,502.5,15.39,133
20210828,222733,18,Organized,,,,,,,,,,Western Atlantic,Yes,,,,1009.6,12.2,986.6,215.9,587.6,4583.7,398.7,7620,434.8,--,--,87.5,71.2,74.6,73,378.6,535.9,914.4,-6.3,974.9,--,0.69,974.4,,292.7,428.4,721.1,-8,940.3,--,-0.2,871.3,,1.76,125.9,12.97,193.6,33.18,23.3,20.23,34.2,,,,7686.38,502.5,25.89,25.3
20210828,232252,18,Organized,,,,,,,,,,Western Atlantic,Yes,,,,,,,,,,,,,,,,,,,,,,,,,,,,,,,,,,,,,,,,,,,,,,,,,,,
20210901,150826,19,Organized,,,,,,,,,,Western Atlantic,Yes,,,,1016.2,14.4,983.7,300.6,586.8,4640.2,402.6,7565,471.4,382.3,318.4,87.4,90.3,74,84.4,386.3,649.6,1035.9,-2.7,952.7,--,0.41,952.4,,253.2,490.3,743.6,-12.9,935.7,--,0.91,935.6,,7.61,187.4,7.21,124.3,27.62,34.5,23.49,62,,,,10747.43,502.4,32.02,26.6
20210901,152327,19,Organized,,,,,,,,,,Western Atlantic,Yes,,,,1015.8,14.3,981.1,321.1,576.6,4788,399.8,7621.2,476.1,383.4,315.3,89.2,72.5,73.8,73.7,218,644.6,862.6,-23.8,977.6,--,0.89,977.6,,149.9,552.2,702.1,-33.8,932.5,--,-0.52,795.8,,12.8,167.8,11.4,355.3,9.28,34.1,9.3,47.1,,,,10847.53,499.2,25.57,18.3
20210901,153234,19,Organized,,,,,,,,,,Western Atlantic,Yes,,,,1013.8,7.6,935.3,715.9,572.3,4667.4,399.4,7619.3,467.3,382.7,318.3,87.2,67.4,63.6,68.8,233.6,618.3,851.9,-4.8,956.2,--,-0.94,868.2,,136.5,485.7,622.2,-37.3,930.6,--,-0.18,746.5,,4.46,152.9,11.09,354.6,1.54,209.5,8.12,37.1,,,,10859.82,498.4,8.14,358.9
20210901,154039,19,Organized,,,,,,,,,,Western Atlantic,Yes,,,,1013.6,11.5,973.6,367.6,583.9,4669.9,399.5,7614.5,463.3,385.1,316.8,92.8,83.8,57.6,76.6,377.4,774.6,1152,0,989.8,--,0.02,989.8,,281.2,668.4,949.6,-1.4,954.3,--,-0.28,923.6,,5.67,287.8,26.85,58.1,9.68,38,33.28,44.3,,,,10791.87,498.4,36.39,53.4
20210901,154730,19,Organized,,,,,,,,,,Western Atlantic,Yes,,,,1014.5,8.8,931.2,762.1,578.6,4736.2,398.6,7619.8,472.3,388.3,318.3,82.8,80,49.4,72.2,315,597.9,912.9,-1.4,945.3,--,-0.16,931.8,,190.7,447,637.7,-11.4,920,--,-0.13,863.7,,8.49,270.1,25.2,83.3,9.18,53.8,25.14,70.1,,,,11287.74,500.7,29.34,67.6
20210901,155502,19,Organized,,,,,,,,,,Western Atlantic,Yes,,,,1014.6,8.4,971.6,391,598.5,4456.3,398.5,7620,469.3,381.5,317.1,66.4,65.2,61.4,64,291.4,525.7,817.1,-57,933.1,--,1.99,932.8,,89.4,102.6,191.9,-136.2,865.8,342.5,-2.19,632.9,,6.27,152.9,5.42,216.1,25.87,50.8,20.76,72.5,,,,11336.57,499.8,21.5,53.3
20210901,160206,19,Organized,,,,,,,,,,Western Atlantic,Yes,,,,1014.6,13.3,1008.3,68.8,602.3,4414.1,398.6,7618.5,473.2,379.3,322.7,88.6,81.8,78.1,80.7,334.7,702.3,1037,-2.7,951.6,--,-0.18,929.4,,227.1,536.9,763.9,-19.9,930.4,--,-0.19,868.4,,1.95,94.8,10.64,192.9,13.18,80.6,15.48,124.2,,,,11335.81,502,6.87,116.7
20210901,161619,19,Organized,,,,,,,,,,Western Atlantic,Yes,,,,1016,8.5,991.7,222.7,592.8,4548,398.8,7618.5,482.8,389.8,323.3,77.5,65.3,50.4,60.9,371.2,757.9,1129.1,-5.1,953.6,--,0.54,953.4,,166.5,462.5,629.1,-36.3,910.8,--,1.28,910.2,,4.92,127.9,9.98,213,12.49,59.9,10.66,118.4,,,,11285.75,502.1,3.8,26.6
20210901,163119,19,Organized,,,,,,,,,,Western Atlantic,Yes,,,,1015.7,5,1000.4,139.4,597.1,4489,398.7,7617.2,476.6,387.6,320.2,76.4,77.2,74.5,76.3,270.4,672.4,942.8,-32.3,927.3,--,1.61,926.7,,193.5,536.2,729.6,-51.3,906.6,--,1.99,906,,3.92,149.9,3.14,168.9,17.11,36.8,14.95,61.4,,,,11307.41,498.3,14.85,28.2
20210901,164001,19,Organized,,,,,,,,,,Western Atlantic,Yes,,,,1015.1,7.8,982.5,297,585.3,4645.5,398.4,7621.7,475.5,388.8,317.6,70.2,65,65.9,65.6,190.4,446.7,637.2,-58.9,925.3,--,2.3,925.3,,1.8,60.1,61.8,-147.5,857.7,354.9,-0.03,364.6,,3.86,179.8,5.83,59.8,19.56,50.3,23.36,60.5,,,,11335.32,492.7,25.71,56.4
20210901,164653,19,Organized,,,,,,,,,,Western Atlantic,Yes,,,,1014.2,6.2,960.7,484.8,584,4655.1,398.5,7618,476.5,385.3,320.6,79.3,75.9,55,71.5,248.7,516.8,765.5,-24.8,937.6,--,1.42,937.3,,80,275.6,355.6,-51.5,892.6,--,2.14,892.4,,5.39,282.5,16.42,70,14.11,74,25.96,65.3,,,,11310.55,500.5,30.57,71.8
20210901,165336,19,Organized,,,,,,,,,,Western Atlantic,Yes,,,,1013.2,18.7,926.2,809.2,573.4,4803.2,398.6,7618.4,478.8,384.2,315,88.9,70.9,76.5,75,464.6,795.1,1259.7,0,954.9,--,-0.02,954.1,,336,661,997,-0.2,933.6,--,-0.15,933.4,,0.56,5.7,25.82,81.4,14.34,349.1,29.99,51.8,,,,11354.32,501.5,28.41,53.1
20210901,170624,19,Organized,,,,,,,,,,Western Atlantic,Yes,,,,,,,,,,,,,,,,,,,,,,,,,,,,,,,,,,,,,,,,,,,,,,,,,,,
20210901,171011,19,Organized,,,,,,,,,,Western Atlantic,Yes,,,,,,,,,,,,,,,,,,,,,,,,,,,,,,,,,,,,,,,,,,,,,,,,,,,
20210901,171716,19,Organized,,,,,,,,,,Western Atlantic,Yes,,,,1013.9,9.4,981.8,293.7,574.9,4787,398.8,7622.4,465.4,381.2,319.8,86.4,77.7,39.6,67.1,256.6,593.5,850,-10.4,971.5,--,0.79,971.2,,110.7,402.9,513.6,-34.5,920.7,--,1.45,920.4,,1.13,24.6,29.67,66.5,6.17,55.7,36.64,63.4,,,,11576.68,499.6,36.08,56.5
20210901,174306,19,Organized,,,,,,,,,,Western Atlantic,Yes,,,,1014.8,5.6,1011.8,31.6,608.7,4317.3,398.2,7620.8,464.8,379.7,313.8,73.2,72.6,93.4,81.5,370.9,705.5,1076.4,-19.9,961.6,--,1.34,961,,144.6,252.4,397,-78.7,885.7,255.3,-3.9,647.4,,1.99,58.5,8.68,20.9,13.76,151.9,11.51,107.7,,,,11593.75,498.4,13.77,100.8
20210904,184455,20,Organized,,,,,,,,,,Western Atlantic,Yes,,,,1005.2,5.1,933.8,654.4,552.4,5044.8,396.7,7621.2,454.8,358.4,298.8,88.4,83.8,74.8,81.8,296.8,509.5,806.2,0,951.6,--,--,--,,134.1,345,479.1,-11,923.6,--,-0.54,877.4,,8.87,326.3,11.76,39.6,9.71,154.7,10.38,40.4,,,,11696.86,497.9,11.9,78.2
20210904,185515,20,Organized,,,,,,,,,,Western Atlantic,Yes,,,,,,,,,,,,,,,,,,,,,,,,,,,,,,,,,,,,,,,,,,,,,,,,,,,
20210904,190222,20,Organized,,,,,,,,,,Western Atlantic,Yes,,,,,,,,,,,,,,,,,,,,,,,,,,,,,,,,,,,,,,,,,,,,,,,,,,,