Date,Time,Case,Primary Convective Type,Convective Lifecycle,TIMPS ID,TIMPS ID Propagation Speed [m/s],TIMPS ID Propagation Direction (from) [deg],Echo Type,Environment Falling In,Environment Falling In Notes,Environment Falling In Ambiguous,Partially In Precip,Falling Through Weak Stratiform (Onion-ish Profile (Typically On Outer Edge of Storm)),Low-level Inflow Sonde,Mid-level Inflow Sonde,Region,Associated with a TC,Associated with an AEW,Associated with ITCZ,Associated with Coast,Associated with SAL,Primary Convective Propagation,Environment Relative to Convective Pass,Direction Relative to Convection,Sfc Pressure [mb],Sfc Height [m],PBL Top [mb],PBL Top Height [m],Freezing Level [mb],Freezing Level Height [m],Upper Level Cap [mb],Upper Level Cap Height [m],M10 Celsius Level [mb],M20 Celsius Level [mb],M30 Celsius Level [mb],PBL RH [%],Mid Layer RH [%],Upper Layer RH [%],Deep Layer RH [%],Below FZL MUCAPE [J/kg],Above FZL MUCAPE [J/kg],Deep Layer MUCAPE [J/kg],MU CIN [J/kg],MU LCL [mb],MU EL [mb],MU Max LI [degC],MU Max LI Level [mb],MU Max LI Layer,Below FZL MLCAPE [J/kg],Above FZL MLCAPE [J/kg],Deep Layer MLCAPE [J/kg],ML CIN [J/kg],ML LCL [mb],ML EL [mb],ML Max LI [degC],ML Max LI Level [mb],ML Max LI Layer,SHARPpy Direct Method PBL Speed Shear [kts],SHARPpy Direct Method PBL Directional Shear [deg],SHARPpy Direct Method Mid Layer Speed Shear [kts],SHARPpy Direct Method Mid Layer Directional Shear [deg],SHARPpy Direct Method Upper Layer Speed Shear [kts],SHARPpy Direct Method Upper Layer Directional Shear [deg],SHARPpy Direct Method Deep Layer Speed Shear [kts],SHARPpy Direct Method Deep Layer Directional Shear [deg],10mb Interval Theta Gradient PBL Top [mb],10mb Interval Theta Gradient PBL RH [%],10mb Interval Theta Gradient Mid Layer RH [%],Max Profile Height [m],500m Bottom Cap Profile Height [m],500m Bottom Cap Deep Layer Speed Shear [kts],500m Bottom Cap Deep Layer Directional Shear [deg]
20220909,161243,1,Isolated,Growing,N/A,11.7,83.8,Convective,Clear Near,,,,,No,No,Eastern Atlantic,No,Yes,No,No,No,,,,1010,8.5,958.6,470.6,574.4,4771.8,398.9,7614.5,448.4,364.1,297.9,76.5,73.3,69.2,72.2,263.4,470.6,734,-36.1,933.7,,1.96,933.6,,89.7,183.9,273.6,-96,879.7,304.7,-2.61,534,,8.96,117.7,2.46,49.8,4.37,315.3,6.73,85,,,,9809.99,498.3,3.33,341.3
20220909,162708,1,Isolated,Growing,N/A,11.7,83.8,Convective,Clear Near,,,,,N/A,N/A,Eastern Atlantic,No,Yes,No,No,No,,,,1009.4,4.8,1001.7,73.1,567.6,4854.2,398.2,7619.6,444.6,365.8,304.1,88.2,84.9,36.2,69.6,384.4,504.5,888.9,0,921.9,,,,,311,422.9,733.9,-5.1,950.3,,-0.01,919.1,,,,,,,,,,,,,12044.67,500.2,,
20220909,162948,1,Isolated,Growing,N/A,11.7,83.8,Convective,Clear Near,,,,,Yes,Yes,Eastern Atlantic,No,Yes,No,No,No,,,,1008.3,12.1,960.1,446.4,547.5,5146,398.5,7621.2,442.7,362.8,303.5,83.5,70.3,21.5,58.6,460.8,570.8,1031.6,-3.6,957.7,,0.6,957.4,,264.2,387.6,651.8,-9.2,917.9,,0.95,917.6,,4.63,81.3,10.17,359.1,4.26,141.1,10.16,43.2,,,,12075.73,500.7,8.05,14.4
20220909,163437,1,Isolated,Growing,N/A,11.7,83.8,Convective,In Precip,In Precip below 800mb? Otherwise Clear Near,Yes,Yes,,No,No,Eastern Atlantic,No,Yes,No,No,No,,,,1008.6,13.4,981.7,252.3,554.3,5053.2,398.4,7620.6,447.3,360.5,303,83.2,85.4,48.3,73.8,344.6,520.5,865.1,0,800.6,,,,,245,390.2,635.2,-12.7,937.7,,-1.32,794.4,,14.86,171.6,6.51,84.2,11.56,238.4,20.21,182.8,,,,12036.81,497.8,5.61,226.8
20220909,164942,1,Isolated,Growing,N/A,11.7,83.8,Convective,Clear Near,,,,,No,No,Eastern Atlantic,No,Yes,No,No,No,,,,1009,7.5,945.5,583.3,553.2,5069.3,398.7,7614.6,448.6,361.6,303.3,85.2,71.8,14.9,61.1,501.8,632.6,1134.4,-1.4,952,,0,934.8,,332.5,469.6,802,-7.3,920.2,,0.7,919.7,,2.02,196.8,5.62,88.5,7.53,288.7,2.17,286.3,,,,12033.95,499.6,3.47,336.9
20220909,165847,1,Isolated,Growing,N/A,11.7,83.8,Convective,In Cloud,,,,,Yes,Yes,Eastern Atlantic,No,Yes,No,No,No,,,,1009.8,9.7,972.2,343.8,576.2,4740.8,398.8,7614.1,450.3,364.8,303.9,92.1,85.7,80.6,84.5,320.9,549.7,870.5,-1.1,988.7,,-0.31,975.1,,188.8,399,587.8,-10.1,940.1,,-0.21,878.6,,2.45,258.3,9.63,322.7,6.89,8.6,15.62,333.5,,,,12066.51,500.7,13.03,336.4
20220909,175820,2,Isolated,Weakening,N/A,6.5,118.1,Stratiform,In Cloud,SkewT suggests maybe Clear Near (Angela thinks In Cloud),,,,Yes,Yes,Eastern Atlantic,No,Yes,No,No,Maybe,,,,1006.1,18,936.6,648.8,560.7,4945.2,398,7619,447.1,356.2,306.1,91.4,76.2,83.8,80,444.8,567.2,1012.1,-0.1,967.8,,0.07,967.5,,268.8,392.8,661.6,-0.7,934.5,,0.25,933.7,,8.4,120.1,4.79,105.8,0.62,165.9,13.58,116.6,,,,12038.91,502,6.4,108.4
20220909,181319,2,Isolated,Weakening,N/A,6.5,118.1,Stratiform,Clear Near,,,,,No,No,Eastern Atlantic,No,Yes,No,No,Maybe,,,,1006.6,12.9,945,568,559.5,4953.7,398.3,7607.6,441.4,357.8,298.5,93.4,77.2,69.4,76.4,375.4,418.1,793.5,0,966.7,,,,,132.4,164.9,297.3,-18.9,920.6,214.6,-2.33,588.8,,3.36,177.1,15.62,104.9,2.68,288.3,14.48,118.4,,,,12036.25,501.6,11.84,113.5
20220909,183130,2,Isolated,Weakening,N/A,6.5,118.1,Stratiform,Clear Near,,,,,Yes,Yes,Eastern Atlantic,No,Yes,No,No,Maybe,,,,1007.1,7.2,995.7,108.6,563.9,4900.6,398.1,7615.3,447.4,357.5,304.1,85.5,78.9,81.7,79.8,168.2,424.6,592.8,-7.2,955.2,,-0.63,851.2,,103.9,336.1,440.1,-26.7,929.5,,-0.16,715.2,,3.88,71.9,12.47,115.8,8.5,295,7.57,96.3,,,,12348.85,499.6,4.45,20.4
20220909,183328,2,Isolated,Weakening,N/A,6.5,118.1,Stratiform,Clear Near,,,,,Yes,Yes,Eastern Atlantic,No,Yes,No,No,Maybe,,,,1006.6,7.5,989.9,154.9,568.8,4831.9,398,7617.3,447.6,359.8,302.2,90.3,70.2,67.2,69.5,249.5,529.4,778.9,-3.9,936.5,,-0.17,777.5,,151.3,393.2,544.5,-37.7,936.4,,-0.39,838,,10.42,19.9,6.67,55.2,14.9,269.2,14.93,335.2,,,,12360.8,501.2,7.09,207.3
20220909,183727,2,Isolated,Weakening,N/A,6.5,118.1,Stratiform,Clear Near,,,,,Yes,No,Eastern Atlantic,No,Yes,No,No,Maybe,,,,1007.5,19,944.2,592.1,576.3,4735.4,399,7612.7,433,359.8,302.4,89.4,63.6,39.8,59,347.8,620.4,968.3,0,962,,0.02,961.8,,200.6,453.6,654.2,-6.2,930.6,,-1.49,809.5,,3.78,140.6,12.85,80.8,16.34,246.8,7.74,181.4,,,,12355.44,501.2,7,192.2
20220909,183817,2,Isolated,Weakening,N/A,6.5,118.1,Stratiform,Clear Near,,,,,Yes,No,Eastern Atlantic,No,Yes,No,No,Maybe,,,,1008.7,8.3,936.3,664.6,567.6,4857.1,398.8,7616.9,433,357.7,301.9,89,68.4,30.3,59.1,353.7,578.5,932.3,-0.1,960.3,,-1.94,808.8,,219.9,431,650.8,-10.7,932.3,,-1,808.8,,5.22,120.1,12.69,122.5,14.86,284,6.16,173,,,,12355.11,501.4,6.54,212.4
20220909,184747,2,Isolated,Weakening,N/A,6.5,118.1,Stratiform,Clear Near,,,,,Yes,Yes,Eastern Atlantic,No,Yes,No,No,Maybe,,,,1008.2,13,957.9,465.4,569.3,4843.3,398.9,7619,435.1,361.5,303.6,91.9,69.8,48.5,65.7,349.4,577.8,927.2,-0.4,966.6,,0.16,966.1,,227.5,454.3,681.8,-0.4,939.3,,0.15,939.1,,9.51,124.6,8.84,73,14.06,246.9,9.26,157.9,,,,12284.94,502.3,5.25,243.7
20220909,184951,2,Isolated,Weakening,N/A,6.5,118.1,Stratiform,Clear Near,,,,,Yes,Yes,Eastern Atlantic,No,Yes,No,No,Maybe,,,,1007.5,8.1,965.3,386,567.9,4845.3,398.2,7617.6,442.3,359.6,303.1,89.1,72.8,61.6,70.5,287.7,553.1,840.8,-2.3,968.8,,0.45,968.6,,161.8,421.6,583.5,-2.1,935.4,,-0.47,910.1,,5.78,226.1,12.82,91.5,9.7,295.3,0.42,236.2,,,,12358.9,496.1,5.34,23.3
20220910,191148,3,Isolated,Mature,N/A,12.2,72,Convective,Clear Near,,,,,No,No,Eastern Atlantic,No,No,Yes,No,No,,,,1009.7,17.9,946.8,584.4,548.4,5142.2,398.4,7621.8,459.6,375,303.9,73.5,65.8,38.2,58.9,148.6,331.5,480.1,-6.9,938.2,,0.85,938.1,,0,11.2,11.2,-270.3,879.6,441,-0.8,467.5,,5.12,188.5,20.18,5.9,23.79,88.7,29.46,57.9,,,,11736.32,498.8,31.96,50.1
20220910,193216,3,Isolated,Mature,N/A,12.2,72,Convective,Clear Near,,,,,No,No,Eastern Atlantic,No,No,Yes,No,No,,,,1010.3,13.5,958.3,477.5,560.9,4961.1,398.3,7620.7,466.5,372.6,310.2,91.4,82.3,56.2,75.3,269.9,479.8,749.7,0,986.4,,,,,28.3,242.2,270.5,-12.6,937.4,232,-3.54,462.4,,2.86,349.6,9.44,35.2,21.39,65.8,31.51,51.8,,,,11735.88,502.2,29.62,55.9
20220910,202853,4,Isolated,Weakening,N/A,2.8,77.2,Convective,Clear Near,,,,,No,No,Eastern Atlantic,No,Yes,No,No,No,,,,1010.7,20.1,935.8,697.6,561.4,4980.9,400,7617,448.4,366.3,,90.9,73.3,64.1,72.5,203,514.2,717.2,-0.5,964,,0.19,964,,99.8,394,493.8,-21.8,934.9,,-0.26,864.5,,3.73,205.1,9.72,307.7,14.6,30.7,14.95,351.8,,,,9521.37,499.8,16.69,353.3
20220910,203600,4,Isolated,Weakening,N/A,2.8,77.2,Convective,Clear Near,,,,,No,No,Eastern Atlantic,No,Yes,No,No,No,,,,1010,13.7,939,656.1,563.1,4948,399.6,7614.2,466.4,371.3,,88.4,75,67.2,74.2,257,601.2,858.2,0,963.8,,,,,105.4,425.5,530.8,-28.4,932.5,,-0.41,851.7,,3.77,134.9,10.41,292.4,20.22,23.4,19.86,3.3,,,,9527.16,498.2,21.93,355.7
20220916,155504,5,Isolated,Weakening,N/A,10.4,89.9,Stratiform,Clear Near,,,,,Yes,Yes,Eastern Atlantic,No,Yes,No,No,No,,,,1008.3,14,953.2,509.3,571.4,4803.4,398,7621,453.8,365,299.9,85.4,84.9,71.8,80.8,171.2,384.6,555.8,-2.9,920,,0.48,919.8,,143.4,352,495.4,-8,929.8,,0.84,929.4,,8.98,5.8,36.18,147.6,12.19,297.8,18.55,148.6,,,,12050.2,498.8,26,160
20220916,161920,5,Isolated,Weakening,N/A,10.4,89.9,Stratiform,Clear Near,,,,,Yes,No,Eastern Atlantic,No,Yes,No,No,No,,,,1008.2,7.6,943.6,591.2,576.1,4738.9,397.9,7620.6,453.8,365.5,301.1,93.1,83,59.4,77.2,261.6,634.6,896.2,0,966.3,,,,,165.9,523.5,689.4,-7.9,944.9,,-1.94,850,,9.1,55.5,28.4,136.3,20.68,240.8,27.04,159.2,,,,12054.22,500,28.39,172.3
20220916,162659,5,Isolated,Weakening,N/A,10.4,89.9,Stratiform,Clear Near,,,,,Yes,Yes,Eastern Atlantic,No,Yes,No,No,No,,,,1007.9,14.6,960,443.1,580.1,4683.8,398.3,7617.7,449.1,366.4,300.4,87.2,80.9,73.9,79,133.1,454.8,587.9,-14,956.9,,-0.79,750.8,,90.8,383.3,474.1,-28.5,926.7,,-0.35,750.8,,6.8,15.9,36.76,129.5,16.16,275.2,20.77,137.4,,,,12052.97,497.3,25.68,156
20220920,71139,6,Isolated,Weakening,N/A,6.1,20.8,Convective,Clear Near,,,,,No,No,Eastern Atlantic,No,No,No,Yes,No,,,,1007.9,12.6,955.4,483.7,571.6,4785.1,397.7,7619.3,442.6,368.3,308.8,90.1,85.9,81.2,84.7,322,443.4,765.4,-0.9,967.1,,0.25,966.6,,143.1,247.3,390.4,-3.4,927.9,227.6,-3.04,341,,7.31,302.9,19.36,85.1,4.36,233.1,10.22,71.5,,,,11711.03,499,15.9,94.1
20220920,71842,6,Isolated,Weakening,N/A,6.1,20.8,Stratiform,In Cloud,SkewT suggests maybe In Precip (Angela thinks In Cloud),,,,No,No,Eastern Atlantic,No,No,No,Yes,No,,,,1007.2,13.9,989,174.3,566.7,4846.8,397.4,7617,446.8,362.2,302.7,87,91.2,83.8,88.8,120.4,189,309.4,-23.4,983.4,,1.06,983,,35.1,42.5,77.6,-66.5,916.5,369.2,-0.34,399.5,,4.9,350.2,25.34,90,9.84,230,17.1,95.5,,,,11710.4,497.7,16.07,101.1
20220920,72659,6,Isolated,Weakening,N/A,6.1,20.8,Stratiform,In Precip,,,,,No,No,Eastern Atlantic,No,No,No,Yes,No,,,,1007.4,15.2,994.7,126.7,566.8,4852.3,397.9,7617.2,446,364.1,301.5,87.6,85.4,94.3,88.4,97.3,190.3,287.6,-13.8,930.1,208.7,-2.3,595,,36.8,94.1,130.9,-44.6,916.4,328.3,-1.55,595,,5.75,294.9,11.95,82.3,10.96,35.2,18.25,45.3,,,,12023.6,499.5,18.21,64.4
20220920,73340,6,Isolated,Weakening,N/A,6.1,20.8,Stratiform,In Cloud,,,,,Yes,Yes,Eastern Atlantic,No,No,No,Yes,No,,,,1007.5,8.3,919.2,813.5,571,4779.8,397,7618,446.2,367,306.3,90.2,92.9,74.1,86.6,480.2,504.9,985.1,0,960,,,,,305.1,318.6,623.6,0,935.3,212.3,-4,414.8,,8.07,347.4,17.71,105,5.79,126.7,20.38,91.1,,,,12038.64,497.4,21.61,102.5
20220920,83001,7,Isolated,Growing,271297,4.2,19.1,Stratiform,Clear Near,,,,,Yes,Yes,Eastern Atlantic,No,No,No,Yes,No,,,,1008.5,13,964.8,404.7,566.1,4876,398.2,7619.4,444.2,362.8,303.3,84.5,83.2,76.2,80.9,415.4,506.1,921.4,-1.5,971.6,,-0.03,950.7,,183.8,237.5,421.4,-26.4,917.2,,-0.08,824.6,,8.33,331.8,11.73,110.6,2.05,227.1,6.21,76.5,,,,12021.87,502.6,11.06,116.2
20220920,84656,7,Isolated,Growing,271297,4.2,19.1,Stratiform,Clear Near,,,,,Yes,Yes,Eastern Atlantic,No,No,No,Yes,No,,,,1007.8,7.7,930.6,710.2,573.5,4758.6,397.6,7621,444.1,361.8,300.6,86.1,87.2,87.3,87.1,469.2,565.4,1034.6,0,953.6,,0.05,953.1,,300.4,373,673.4,-2.5,925.1,,0.43,925.1,,3.58,238.1,14.55,113.2,7.85,66.7,18.08,104.1,,,,11923.71,501.6,21.74,97.8
20220920,85438,7,Isolated,Growing,271297,4.2,19.1,Stratiform,Clear Near,,,,,Yes,No,Eastern Atlantic,No,No,No,Yes,No,,,,1008.3,8,934.3,679.7,561,4943.3,398.1,7617.6,444.3,361.8,298.9,81.1,81.6,66.2,76.9,305.7,375.6,681.3,-1.6,940.4,,0.33,940.4,,157.9,206.5,364.4,-18.8,912.7,216.9,-3,590.1,,2.27,261.4,15.87,142.1,6.26,4.3,10.62,131,,,,12040.8,501.3,11.06,123.2
20220906,113333,8,Organized,Mature,230041,5.7,119.6,Stratiform,In Precip,,,,,No,No,Eastern Atlantic,No,Yes,No,No,No,,,,1011,7.9,967,399.6,573,4791.6,436.2,6939.7,440,,,86.4,92.2,,,248.8,,,-6.7,969.7,,,,,180.4,,,-20.5,934.8,,,,,3.93,59.2,23.59,192.3,,,,,,,,6939.66,501.8,,
20220906,133329,9,Organized,Mature,229684,4.8,71.7,Convective,Clear Near,,,,,Yes,No,Eastern Atlantic,No,Yes,Yes,No,Maybe,,,,1009.3,17.2,947,579.6,556.4,5041.6,399.5,7621,441.5,360.3,307.8,89.7,67.6,19.8,55.8,391.5,588,979.5,-0.1,970,,0.11,969.7,,240.1,445,685.1,-0.4,940.2,,0.12,939.9,,3.16,142.6,3.65,109.2,18.77,229.3,18.32,208.5,,,,11744.6,502.3,18.1,215.8
20220906,134011,9,Organized,Mature,229684,4.8,71.7,Convective,Clear Near,,,,,Yes,No,Eastern Atlantic,No,Yes,Yes,No,Maybe,,,,1010.2,13,948.3,571,561.6,4970.2,399.8,7619.8,441.8,363.3,301.9,88.9,70.8,24.2,58.9,278.8,486.1,764.8,-0.3,960.8,,0.14,960.5,,180.5,386.4,566.9,-5.2,935.4,,-1.29,768.3,,1.47,36.3,8.43,110.4,9.82,248.4,5.33,181.2,,,,11772.52,497.6,7.46,177.2
20220906,134546,9,Organized,Mature,229684,4.8,71.7,Convective,Clear Near,,, ,,Yes,Yes,Eastern Atlantic,No,Yes,Yes,No,Maybe,,,,1010,11.9,942.3,624.7,561.6,4963.8,399.4,7618.3,449.9,368.7,301.7,90.9,80.2,38.7,69.8,347.9,534.2,882.1,-0.5,963.3,,0.14,963,,242.5,431.1,673.5,-0.3,941,,0.14,940.7,,3.3,20.5,17.4,109.9,10.71,296.5,7.89,76.7,,,,11766.69,501.4,6.78,107.7
20220906,135545,9,Organized,Mature,229684,4.8,71.7,Convective,Clear Near,,,,,Yes,Yes,Eastern Atlantic,No,Yes,Yes,No,Maybe,,,,1010.1,14,993.7,158.3,565.3,4903.7,399.4,7615.2,443,358.2,301.6,84.1,92.9,70.6,86,212.7,329.1,541.8,-1.2,965.6,,0.24,964.6,,121.3,237.4,358.7,-1.9,942.7,219.3,-3.54,529.2,,5.61,47.5,27.22,98.2,11.98,334.4,28.09,67,,,,11765.2,500.6,16.98,84.8
20220906,140631,9,Organized,Mature,229684,4.8,71.7,Convective,Clear Near,,,,,Yes,Yes,Eastern Atlantic,No,Yes,Yes,No,Maybe,,,,1010.5,12.6,928.2,759.6,560.6,4975.4,399.4,7617.2,444.2,361.3,299.3,85.8,77.9,59.3,73.6,295.4,416,711.4,0,947.9,,0.03,947.5,,171.3,291.8,463.1,-2,927.3,,0.36,927.1,,5.22,32.3,21.23,76.7,4.44,225.2,21.11,73.4,,,,11764.55,499.7,16.56,79.4
20220906,141520,9,Organized,Mature,230828,6.6,34.1,Convective,In Precip,,,,,No,No,Eastern Atlantic,No,Yes,Yes,No,Maybe,,,,1011.4,8.6,967,402.7,554,5070.3,399.3,7620,446.7,373.9,298.7,87,96.3,82.6,91.8,122.4,200,322.4,-3.2,966.3,223.8,-3.64,370.7,,28.4,109.4,137.8,-7.4,936.4,305.9,-0.07,315.3,,7.17,315.5,18.19,66.6,11.21,183.4,10.86,84,,,,11769.2,502.5,17.53,109.3
20220906,142556,9,Organized,Mature,230828,6.6,34.1,Stratiform,Clear Near,,,,,Yes,Yes,Eastern Atlantic,No,Yes,Yes,No,Maybe,,,,1010.9,12.2,920,840.2,556.6,5022.8,399.3,7620.9,434.9,363.7,305.6,86.2,81,38.1,69.4,466.2,418.6,884.8,0,954.1,,,,,268.6,231.3,499.9,-1,927.2,,0.26,927.2,,4.23,246.4,29.68,38.9,20.22,160.5,21.62,83.9,,,,11761.55,500.6,27.92,80.9
20220906,153647,9,Organized,Weakening,225742,5.1,80.1,Convective,Clear Near,,,,,No,No,Eastern Atlantic,No,Yes,Yes,No,Maybe,,,,1009.8,7.9,910,920.4,554.3,5048.5,398.6,7616.4,435.4,373.3,304.4,84.3,63.3,43.1,60.5,322.8,375.8,698.6,0,944.8,,,,,136,196.6,332.6,-4.1,920.6,254,-3.45,365.6,,2.9,245.8,26.65,41.9,15.12,171.5,17.59,78.2,,,,11750.58,501.1,19.78,69.5
20220906,155532,9,Organized,Weakening,225742,5.1,80.1,Convective,In Cloud,,,,,No,No,Eastern Atlantic,No,Yes,Yes,No,Maybe,,,,1009.1,17.9,961.2,444.6,556.4,5015.4,398.8,7614.7,444,357.9,296.2,91,83.1,60.3,76.9,132.8,134.7,267.5,-30.5,968.2,322.8,-3.61,410.3,,0.3,4.3,4.5,-193.7,903.1,402.4,-0.69,410.3,,6.91,178.8,16.25,45.3,15.61,92.9,27.87,82.9,,,,11764.44,501.9,26.95,66.9
20220906,160920,10,Organized,Mature,227341,7.5,112.9,Convective,Clear Near,,,,,No,No,Eastern Atlantic,No,Yes,Yes,No,Maybe,,,,1008,14.3,959.6,448.6,557,5006.1,398.2,7620.5,447.5,360.2,296.7,87.2,,81.2,,221,382.1,603,-1.2,954.3,,,,,214,375.2,589.2,-1.5,952.6,,,,,4.16,243.7,13.74,44.7,10.9,173.7,7.62,114.3,,,,12353.45,453.6,10.9,95.4
20220906,161626,10,Organized,Mature,227341,7.5,112.9,Convective,In Precip,In Precip below 800mb? Otherwise Clear Near,Yes,Yes,,No,No,Eastern Atlantic,No,Yes,No,No,No,,,,1006.7,13.9,969.9,341.5,561.5,4933.7,397.9,7621.6,449.4,350.5,295.9,93,90.6,,,180,338,518,-1.4,977.7,,0,828.1,,148.5,307.3,455.7,-2.7,948.8,200.5,-3.72,451.8,,3.64,179.2,11.39,177,4.25,211.7,18.68,184.7,,,,12372.83,498.8,10.64,179.4
20220906,162154,10,Organized,Mature,227341,7.5,112.9,Convective,In Precip,,,,,No,No,Eastern Atlantic,No,Yes,No,No,No,,,,1008.4,14.6,990.4,173,571.1,4798.4,398.7,7619.5,425.4,355.9,286.7,95.3,94.6,99.3,96.4,273.6,224.4,498,0,884.4,228.7,-2.53,368.8,,193.1,120.5,313.6,-19.1,944.3,305.6,-1.29,368.8,,8.82,273.2,14.84,14.2,37.72,201.3,27.6,222.9,,,,12267.48,498.7,26.67,215.3
20220906,162345,10,Organized,Mature,227341,7.5,112.9,Stratiform,In Precip,,,,,No,No,Eastern Atlantic,No,Yes,No,No,No,,,,1008.8,7.9,974.9,308.8,571.6,4791.1,398.3,7618.2,445.1,357,296.1,95.8,90.3,90.5,90.7,249.3,404,653.3,-4.3,987.7,,-0.39,978.5,,132,274.5,406.5,-13.4,936.7,215,-3.11,559.3,,2.41,168.5,20.05,285.2,16.2,131.6,10.45,220.1,,,,12362.05,497.5,11.06,238
20220906,162655,10,Organized,Mature,227341,7.5,112.9,Stratiform,In Precip,In Precip below 700mb? Otherwise In Cloud,Yes,Yes,,No,No,Eastern Atlantic,No,Yes,No,No,No,,,,974,315.1,963.7,408,560.4,4956.6,398.5,7612.4,452.1,359.1,293.2,100,90.7,59.7,81.1,299,486.3,785.3,0,946,,0.01,946,,,,,,,,,,,1.95,332.3,10.26,281.5,10.82,312.7,22.9,300.1,,,,12372.26,498.5,19.81,283.7
20220906,164141,10,Organized,Mature,227341,7.5,112.9,Convective,In Precip,,,,,No,No,Eastern Atlantic,No,Yes,No,No,No,,,,1007.9,9.2,999.4,84,566.9,4868.7,400.6,7580.1,449,352.9,291.1,100,98.7,85.9,94.8,339.2,564.4,903.6,0,934.8,,,,,142.2,304.6,446.8,-64,948.7,213,-4.28,407.6,,0.8,117.2,20.54,289.2,16.62,276.1,36.2,282.6,,,,12289.76,500,36.8,292
20220906,165717,10,Organized,Mature,227341,7.5,112.9,Stratiform,In Precip,In Precip below 850mb? Otherwise In Cloud,Yes,Yes,,No,No,Eastern Atlantic,No,Yes,No,No,No,,,,1009.6,7.7,976,305.1,557.5,5006.6,398.6,7620.3,446.6,356.3,296,93.7,89.6,86.8,88.9,204.1,384.4,588.5,-1.3,984.8,,0.29,984.7,,166.8,350.4,517.2,0,953.8,,,,,7.04,64.4,20.26,248.7,6.05,50.4,7.91,266,,,,12375.67,498.3,14.79,273.5
20220906,170142,10,Organized,Mature,227341,7.5,112.9,Convective,In Cloud,,,,,Yes,Yes,Eastern Atlantic,No,Yes,No,No,No,,,,1008,11.3,965.3,393.1,569.1,4828.7,398.2,7620.7,443,361.4,295.4,93,89.1,56.4,78.1,227.2,376.9,604,-2.3,977.6,,-0.26,951.6,,172.1,315.5,487.5,-6.7,943.3,,-0.31,794.4,,8.3,345.1,8.29,248.1,3.77,309.2,15.04,301.1,,,,12366.98,500.9,10.78,258.1
20220906,170456,10,Organized,Mature,227341,7.5,112.9,Convective,In Cloud,,,,,Yes,Yes,Eastern Atlantic,No,Yes,No,No,No,,,,991.5,181.4,938,669.2,549.8,5126.3,400,7608.4,449.2,365.7,293.8,90.6,81.8,57.4,76.5,373.4,477.6,851,-0.4,955.2,,0.12,954.7,,209.6,330,539.6,-4.4,920.1,,-1.21,821.6,,4.64,100.3,11.35,254.8,2.66,5.3,6.4,266.2,,,,12418.58,499.4,8.95,267.2
20220906,171732,10,Organized,Mature,227341,7.5,112.9,Convective,In Precip,,,,,No,No,Eastern Atlantic,No,Yes,No,No,No,,,,1006.7,7.7,1006.7,7.7,556.7,4978.5,396.6,7616.2,449.9,365.4,295.9,,,,,,,,,,,,,,,,,,,,,,,0,180,10.78,307.9,9.16,306.7,18.49,306.3,,,,12358.28,495.2,20.57,268.1
20220907,131522,11,Organized,Weakening,231416,6.4,102.4,Stratiform,Clear Near,,,,,No,No,Eastern Atlantic,No,Yes,No,No,Maybe,,,,1011.7,8.6,926.1,786,562.5,4948,398.9,7616.4,459.8,368.5,300.8,86.2,86.3,82.1,85.1,298.5,447.2,745.8,-0.9,951,,0.23,950.4,,182.8,331.9,514.7,-1,930.2,,0.19,929.9,,3.23,219.8,25.55,100.7,5.29,295.6,18.87,105.4,,,,10775.42,499.6,18.68,97.7
20220907,132729,11,Organized,Weakening,231416,6.4,102.4,Stratiform,In Cloud,Going through evaporating/dissipating stratiform,Yes,,Yes,No,No,Eastern Atlantic,No,Yes,No,No,Maybe,,,,1011.5,5.4,956.2,499.3,577.7,4725.8,398.6,7616.9,458.2,362.4,,95.8,87.5,90.7,89.2,345.6,556.1,901.6,0,982.9,,,,,174.3,374.8,549.1,-4.1,948.8,,-0.08,862.4,,5.86,262.1,32.07,116.4,21.6,275.6,13,171.8,,,,9373.47,499.3,14.29,147.6
20220907,133353,11,Organized,Weakening,231416,6.4,102.4,Stratiform,In Precip,,,,,No,No,Eastern Atlantic,No,Yes,No,No,Maybe,,,,1010.4,8,992.4,165.9,576.5,4732.8,398.5,7619.3,447,359.6,,85.9,78.2,93.9,83.3,148.3,192.4,340.8,-76.6,979.9,328.9,-3.52,615.5,,82.1,46.4,128.4,-138.9,916.3,444.4,-2.37,615.5,,9.23,156.1,4.63,66.2,7.61,146.3,17.58,135.8,,,,9520.54,497.4,8.72,124.4
20220907,133543,11,Organized,Weakening,231416,6.4,102.4,Stratiform,In Precip,,,,,No,No,Eastern Atlantic,No,Yes,No,No,Maybe,,,,1009.8,18.3,987.1,217.6,571.7,4803.4,398.9,7618.1,445.3,356.8,,90.9,82.4,91.3,85.5,209.9,266.6,476.5,-34.4,986.3,,0.62,985.9,,118,120.2,238.2,-70,921.1,379.4,-2.69,611.2,,1.46,149.3,11.02,356.5,5.61,119.3,8.41,34.9,,,,9532.51,501.9,13.07,47.8
20220907,133732,11,Organized,Weakening,231416,6.4,102.4,Stratiform,In Precip,,,,,No,No,Eastern Atlantic,No,Yes,No,No,Maybe,,,,1008,18.8,999.1,96.6,573.7,4764.4,398.3,7615.4,446.6,356.2,,85.4,90.9,93.4,91.7,171.8,190.4,362.2,-51.9,957.5,322.7,-2.78,582.4,,167.3,184.2,351.5,-33,919.3,320.5,-2.73,582.4,,7.65,338.1,7.12,340.9,7.33,110,10.71,11.3,,,,9468.41,500.8,10.21,138.2
20220907,134225,11,Organized,Weakening,231416,6.4,102.4,Convective,Clear Near,,,,,No,No,Eastern Atlantic,No,Yes,No,No,Maybe,,,,1009.8,14.7,954.8,508.7,569.1,4840.9,398.7,7616.6,445.1,360.7,,93.7,82.9,74,81.1,456.4,541.1,997.5,0,941.8,,,,,329.7,405.5,735.1,-2.1,945.1,,0.19,944.8,,4.73,351.2,2.25,13.1,7.06,47.1,12.76,22.4,,,,9519.38,503.8,9.06,38
20220907,135425,12,Organized,Mature,232775,4.9,109.1,Convective,Clear Near,,,,,Yes,Yes,Eastern Atlantic,No,Yes,No,No,Maybe,,,,1008.3,7.6,944.5,583,572.4,4780,397.9,7621,445.9,355.3,,90.1,89.3,76.6,85.5,412.5,519.1,931.6,0,970,,,,,227.5,320.7,548.1,-1.8,936.3,,0.36,935.8,,4.34,37.4,10.09,339.1,1.81,12.9,14.63,358.7,,,,9515.35,497.9,11.07,346.5
20220907,141802,12,Organized,Mature,227341,7.5,112.9,Convective,Clear Near,,,,,No,No,Eastern Atlantic,No,Yes,No,No,Maybe,,,,1010,8,968.8,375.7,552,5093,398.9,7615.5,451.5,363.3,,88.7,84.7,22.2,68.1,301.3,499.4,800.7,-2.3,969,,0.52,968.8,,115.6,327.8,443.4,-3.9,929.2,,-0.11,752.1,,6.41,66.8,5.41,199.8,20.78,211.4,21.11,198.3,,,,9532.1,501.3,27.68,215.3
20220907,143005,12,Organized,Mature,227341,7.5,112.9,Convective,Clear Near,,,,,No,No,Eastern Atlantic,No,Yes,No,No,Maybe,,,,1011.3,8,935.5,692.3,569.8,4851.8,398.9,7618.2,453.1,373.9,310.7,91.2,68.3,17.3,55.8,205.2,549.4,754.6,-14,968.2,,-0.38,849.6,,103.6,404.6,508.2,-56.3,940.1,,-0.4,893.3,,6.64,104.9,0.75,47.3,19.35,229.5,15.95,210,,,,9516.34,501.4,19.81,223
20220907,164216,12,Organized,Mature,227341,7.5,112.9,Convective,Clear Near,,,,,No,No,Eastern Atlantic,No,Yes,No,No,Maybe,,,,1006.3,12.9,927,734.1,569.7,4806.5,397.2,7620.6,445.8,359.3,297.1,87.7,83,69.5,79.5,306.1,469.9,776,0,954.6,,0.05,954.6,,123,268.1,391.1,-5.3,921.7,217.2,-3.06,547.7,,2.59,207.7,12.02,11.1,6.69,37.9,15.63,19.8,,,,11958.8,498,17.96,22.3
20220907,165107,12,Organized,Mature,227341,7.5,112.9,Convective,In Precip,,,,,No,No,Eastern Atlantic,No,Yes,No,No,Maybe,,,,1006.3,13,976.6,277.4,560,4944,397.6,7617.1,445.4,354.3,298.6,90.8,93.1,81.3,89.2,400.1,489.7,889.8,-1,983.2,,0.29,983.1,,121.2,203.1,324.3,-10.8,920.4,244,-2.77,433,,4.51,198.5,14.9,342.8,5.29,41.1,14,352,,,,11940.94,502.7,19.06,350.6
20220907,165746,12,Organized,Mature,227341,7.5,112.9,Convective,Clear Near,,,,,Yes,Yes,Eastern Atlantic,No,Yes,No,No,Maybe,,,,1006.8,13.1,937.5,641.3,568.1,4833.8,397.6,7618.4,447.2,358.1,296.1,88.1,88.9,88.9,88.8,437.6,527.1,964.7,0,966.1,,0.04,965.7,,227.9,307.1,535,-0.9,929.4,,0.22,928.9,,8.45,155.7,14.88,291.4,5.24,316.1,14.1,276.1,,,,12052.74,500.6,19.3,297.7
20220907,170646,12,Organized,Mature,227341,7.5,112.9,Stratiform,In Precip,,,,,No,No,Eastern Atlantic,No,Yes,No,No,Maybe,,,,1008.2,8.4,967.1,375.6,566.7,4851.1,397.3,7620.8,444.7,359.3,294.9,92.7,86.2,94.2,89.1,440.5,455.2,895.7,0,979.8,,,,,236.4,233.4,469.8,-13.1,929.2,239.7,-3.88,599.8,,8.57,116.2,19.47,248.4,1.85,188.7,16.66,220,,,,11742.46,498.2,21.22,245.4
20220907,171047,12,Organized,Mature,227341,7.5,112.9,Stratiform,In Precip,,,,,No,No,Eastern Atlantic,No,Yes,No,No,Maybe,,,,1008.4,8.5,956.4,475.4,577.6,4703.7,398,7609.3,449.1,359.5,297.9,93.7,81.6,,,474.8,209.4,684.2,,986.1,,0.06,985.6,,246.6,137.4,383.9,,929.5,,0.77,929.4,,8.59,131.1,27.96,166.4,24.99,283.8,29.23,202.6,,,,11732.51,501.6,26.89,220.1
20220907,171657,12,Organized,Mature,227341,7.5,112.9,Stratiform,In Cloud,,,,,Yes,Yes,Eastern Atlantic,No,Yes,No,No,Maybe,,,,1010.2,8.4,970,367.6,590.8,4541.8,398.1,7619.2,452.4,362.6,298.2,94,83.5,87.2,85.4,374.1,806.3,1180.4,-0.9,984.1,,-1.19,887.5,,279.6,681.9,961.4,-8.1,950.4,,-0.5,887.5,,5.86,138.9,26.74,170.7,27.13,298.9,23.85,220.4,,,,11745.44,498.8,23.06,243.5
20220907,172742,12,Organized,Mature,227341,7.5,112.9,Stratiform,In Cloud,,,,,No,No,Eastern Atlantic,No,Yes,No,No,Maybe,,,,1011.2,7.5,968.6,386.7,597.8,4463.5,398.5,7613.3,476.3,363.8,304.4,94.1,67.5,73.9,71.4,260.7,792.2,1052.9,-66.7,985,,-0.47,954.3,,219.3,706.9,926.2,-94.1,950.4,,0.2,950.3,,7.49,111.8,11.89,166.2,21.35,268.7,18.89,217.2,,,,11734.57,501.6,19.49,246.9
20220907,173825,12,Organized,Mature,227341,7.5,112.9,Stratiform,In Cloud,,,,,No,No,Eastern Atlantic,No,Yes,No,No,Maybe,,,,1012.1,17.2,964.2,442.7,588.9,4599.2,399.5,7612,466.9,370.4,306.9,89.5,56.4,82.3,67.5,165.4,538.7,704.1,-183,969.8,225.4,-7.61,528.7,,123.9,427,550.9,-231.5,925.8,250,-6.7,528.7,,2.06,127.3,8.16,189.7,7.74,291.4,9.55,226.7,,,,11745.33,498.8,9.43,249.9
20220907,151044,13,Organized,Mature,232851,2.3,121.9,Convective,Clear Near,,,,,Yes,Yes,Eastern Atlantic,No,Yes,No,No,Maybe,,,,1009.9,12.9,929.4,743.2,560,4973.9,398.6,7616.6,461.6,369.2,,89.7,69.7,13.5,55.7,250.3,463.4,713.7,0,954.3,,,,,116.8,326.9,443.8,-8.3,928.7,,-1.12,768.6,,1.85,129.7,7.52,90.6,13.14,213.8,12.21,172.4,,,,9511.47,501.4,10.13,173.6
20220907,154320,13,Organized,Mature,232851,2.3,121.9,Stratiform,Clear Near,,,,,No,No,Eastern Atlantic,No,Yes,No,No,Maybe,,,,1008.1,17.4,930.9,718.1,565.7,4872.4,397.7,7617.1,447.3,366.9,,84.3,65.4,49.8,63,324.2,349.3,673.5,-0.6,939.3,,0.14,938.9,,218.1,235.4,453.5,-3,920,,0.46,919.9,,3.1,250.9,19.08,85.7,2.7,87.7,18.96,88.3,,,,9325.89,499.6,20.79,81.6
20220907,160230,13,Organized,Mature,232851,2.3,121.9,Stratiform,In Precip,,,,,No,No,Eastern Atlantic,No,Yes,No,No,Maybe,,,,1008.9,8.7,994.2,137.9,577.2,4708.9,397.5,7619.9,451.1,362.5,,88.1,85.3,94.5,88.4,197.6,309,506.7,-1.9,946.8,,0.45,946.4,,124.1,217.8,341.9,-10,938.5,316,-2.72,549.3,,5.21,271.4,24.44,58.1,11.16,150.9,20.91,81.2,,,,9497.47,505,24.89,103.1
20220907,161604,13,Organized,Mature,232851,2.3,121.9,Convective,Clear Near,,,,,No,No,Eastern Atlantic,No,Yes,No,No,Maybe,,,,1007.2,8,969.3,346.5,569.4,4813.4,397.4,7617.3,440.7,358.1,,88.4,86.6,43.3,73.5,250.8,414.6,665.5,-0.6,955.7,,-0.04,947.2,,184.4,343.7,528.2,-1.5,940.3,,-0.01,928.2,,8.56,7.1,1.73,340.7,7.18,111.7,10.35,42.6,,,,9499.34,497.6,7.93,96.3
20220914,101157,14,Organized,Weakening,251891,8.8,61.8,Convective,Clear Near,,,,,No,No,Eastern Atlantic,No,No,No,Yes,No,,,,1010.9,18.6,967.7,404.2,590.9,4551.5,399.3,7619.4,440,,,83.8,82.2,28.3,63.8,294,474.9,768.8,-7.1,961.2,,0.65,961.1,,147.9,253.3,401.2,-32.5,915.6,,1.28,915.4,,2.2,222.8,14.76,86.1,3.93,97.9,17.08,93.6,,,,7896.93,500.5,19.14,87.8
20220914,104055,14,Organized,Weakening,251891,8.8,61.8,Convective,In Precip,In Precip below 750mb? Otherwise Clear Near,Yes,Yes,,No,No,Eastern Atlantic,No,No,No,Yes,No,,,,1010.8,5.4,1000.9,92.7,569.7,4829.2,398.4,7617.2,445.5,,,92.4,84.7,56.6,76.2,391.6,451.1,842.7,-0.8,983,,0.29,982.5,,234.8,291.3,526.1,-0.2,946.1,,0.14,945.8,,5.73,182.1,23.05,77.8,2.19,325.5,21.44,88.9,,,,7907.93,499.7,26.09,74.7
20220914,105739,14,Organized,Weakening,251891,8.8,61.8,Convective,Clear Near,,,,,Yes,No,Eastern Atlantic,No,No,No,Yes,No,,,,1009.7,7.6,942.2,616.1,577.3,4714.8,398.2,7620,435.6,,,88.8,73,35.1,62.1,272.9,345.3,618.3,-0.2,955,,-0.11,944.8,,204.1,262.3,466.4,-5.3,932.8,,-0.17,886,,3.37,27.5,25.97,81.9,7.67,210.7,23.53,89.4,,,,7895.33,498.6,21.73,88.5
20220914,113501,14,Organized,Weakening,251891,8.8,61.8,Stratiform,In Cloud,Going through evaporating/dissipating stratiform,Yes,,Yes,No,Yes,Eastern Atlantic,No,No,No,Yes,No,,,,1009.3,13.3,953.6,510.2,574.4,4762.3,398.7,7619.4,440,361.3,297.8,84.6,83.9,92.9,86.7,81,118.4,199.4,-27.6,827.9,325.5,-2.17,569.3,,1.2,2.5,3.7,-234,904,514.2,-0.1,533.9,,9.54,83.6,18.11,78.1,9.59,303.2,21.72,62.2,,,,11323.88,500,13.55,47.4
20220914,114500,14,Organized,Weakening,251891,8.8,61.8,Stratiform,Clear Near,,,,,No,No,Eastern Atlantic,No,No,No,Yes,No,,,,1009.2,17.2,930.9,722.6,567.1,4873.7,398.9,7616.2,450,363.9,295.8,87.7,77.3,78.5,78.9,145.2,226.2,371.4,-93.5,962.3,237.2,-0.24,255.1,,46.8,61.7,108.5,-176.8,923.3,437.5,-1.28,654,,4.22,104,22.27,76.8,10.27,263.3,16.25,79.7,,,,11433.26,498.8,17.76,78
20220914,115120,14,Organized,Weakening,251891,8.8,61.8,Stratiform,Clear Near,,,,,No,No,Eastern Atlantic,No,No,No,Yes,No,,,,1008.8,27.7,982.9,256.4,580,4691.8,399.3,7611.2,453.8,358.1,300.5,82.8,79.3,88.6,83,95.4,107.5,203,-134,878.2,397,-2.52,614.3,,48.4,25.4,73.8,-217.9,909.1,433.4,-0.44,439.1,,6.14,91.8,14.8,58.7,9.02,239.5,12.56,79.8,,,,11439.04,496.1,4.71,24.8
20220914,134325,14,Organized,Weakening,251891,8.8,61.8,Stratiform,In Cloud,,,,,No,No,Eastern Atlantic,No,No,No,Yes,No,,,,1008.1,8.4,933.6,680.6,538.3,5261.4,472.3,6301.9,,,,89,90.6,,,130.3,,,-13.3,957.4,,,,,67.8,,,-47.4,935.7,,,,,11.75,71.1,10.5,247.5,,,,,,,,6301.89,501.3,,
20220914,135257,14,Organized,Weakening,251891,8.8,61.8,Stratiform,In Cloud,,,,,No,No,Eastern Atlantic,No,No,No,Yes,No,,,,1008.8,7.5,971.6,338.2,559.5,4956,472.8,6295,,,,80.9,85.6,,,34.3,,,-63.1,945.3,,,,,24.9,,,-62.9,921,,,,,4.63,84.3,8.62,226.5,,,,,,,,6294.99,499.4,,
20220914,142106,14,Organized,Mature,251891,8.8,61.8,Stratiform,In Cloud,Going through evaporating/dissipating stratiform,Yes,,Yes,No,No,Eastern Atlantic,No,No,No,Yes,No,,,,1008.8,7.9,962.6,419.5,578,4709.2,398.2,7619.4,447.3,362.5,296.6,91.2,76.1,93.5,83.1,128.3,141.8,270.1,-151.6,968.5,329.8,-1.32,346.4,,63.8,18.3,82.1,-221.7,907.2,483.4,-0.01,488.9,,1.38,124.9,25.51,63,12.55,251.6,16.06,61.3,,,,11744.41,501.2,12.88,44.2
20220914,142805,14,Organized,Mature,251891,8.8,61.8,Stratiform,In Cloud,Going through evaporating/dissipating stratiform,Yes,,Yes,No,Yes,Eastern Atlantic,No,No,No,Yes,No,,,,1009.3,10.8,957.6,470.8,577.6,4715.9,398.5,7618.9,444.9,360.5,296.3,92.6,73.9,90.5,80.8,124.6,196,320.7,-108.4,974.6,230.9,-3.51,591.8,,85.6,112.8,198.4,-144.5,928.2,327.7,-0.3,335.4,,6.05,68.6,9.57,105.5,3.24,46.3,17.54,83.5,,,,11717.16,500.6,10.69,99.6
20220914,120116,15,Organized,Mature,251574,13.9,101.1,Stratiform,In Cloud,SkewT suggests maybe In Precip (Angela thinks In Cloud),Yes,,Yes,No,No,Eastern Atlantic,No,No,No,Yes,No,,,,1012.4,9.8,995.6,156.6,577,4740,399.3,7617.7,443.4,356.3,295.3,90.8,87.6,90,88.3,224.3,254.4,478.7,-30.5,952.3,230.8,-3.74,495.2,,189.5,205.7,395.2,-36.4,932.5,343.3,-3.3,495.2,,0.52,110.3,26.45,62,14.02,242.3,12.53,63,,,,11425.13,499.2,9.56,77.9
20220914,121728,15,Organized,Mature,251574,13.9,101.1,Stratiform,In Cloud,Going through evaporating/dissipating stratiform,Yes,,Yes,No,Yes,Eastern Atlantic,No,No,No,Yes,No,,,,1011.3,12.9,976.7,318.9,585.4,4634.1,399.3,7619.1,456.8,367.7,295.7,85.4,75.5,92.2,80.9,105.5,235.8,341.4,-205.8,961.3,337,-3.03,607.2,,61.9,126.5,188.4,-210.8,886,356.6,-0.13,364.2,,4.7,73.7,31.3,29.3,14.99,216.8,20.16,33.4,,,,11451.05,500.3,10.86,341.6
20220914,122949,15,Organized,Mature,251574,13.9,101.1,Stratiform,Clear Near,,,,,No,No,Eastern Atlantic,No,No,No,Yes,No,,,,1007.7,18.4,972.5,331.7,571.3,4828.6,399.4,7615.1,458.9,372.1,299.3,84.2,57.2,78.8,64.8,104.8,316.3,421.1,-300.2,954.6,235.6,-4.15,351,,0,0,0,0,840.6,840.6,7.16,840.2,,3.35,153.1,43.27,58.6,10.14,262.2,34.14,57.6,,,,11422.18,498.9,27.05,43.2
20220914,125042,15,Organized,Mature,251574,13.9,101.1,Stratiform,In Cloud,Going through evaporating/dissipating stratiform,Yes,,Yes,No,No,Eastern Atlantic,No,No,No,Yes,No,,,,1009.6,7.8,985.5,220.6,585.7,4623.2,405,7510.8,446.4,,,87.7,65.8,95.8,75.8,132.5,220.7,353.1,-242.5,978.5,,2.58,978,,14.3,1.8,16.2,-345.2,843.4,570.6,-0.97,594.5,,4.77,219.3,40.45,74.4,8.7,249.4,27.99,82,,,,7510.75,500.2,17.16,34.9
20220914,130420,15,Organized,Mature,251574,13.9,101.1,Stratiform,In Cloud,Going through evaporating/dissipating stratiform,Yes,,Yes,No,No,Eastern Atlantic,No,No,No,Yes,No,,,,1008.2,9.2,937.2,648.2,582,4658.5,398.8,7610.4,453.6,,,89.7,68.3,93.6,78.5,64.2,160,224.3,-198.1,949.8,401.7,-2.63,591.5,,66.2,165.8,231.9,-193.8,930.3,395.6,-2.68,591.5,,2.64,46.6,22.34,80.4,6.3,177.8,24.1,91.1,,,,7610.45,499.7,25.6,87.4
20220914,145026,15,Organized,Weakening,251574,13.9,101.1,Stratiform,In Precip,In Precip below 700mb? Otherwise Clear Near,Yes,Yes,,No,No,Eastern Atlantic,No,No,No,Yes,No,,,,1010.3,13.5,942,630.6,558.3,4993,398.8,7619.3,437.2,361.6,299.8,90,84.2,54.7,76.1,481.8,431.8,913.6,-1,962.1,,0.23,961.7,,363.8,319.5,683.3,-0.5,937.1,,0.2,936.9,,11.67,48.9,4.2,50,3.49,244.7,12.33,44.8,,,,12279.09,500.6,3.6,52.6
20220914,145549,15,Organized,Weakening,251574,13.9,101.1,Stratiform,In Precip,,,,,No,No,Eastern Atlantic,No,No,No,Yes,No,,,,1009.1,26.6,981.6,269.6,587.6,4578.4,399.1,7616.2,442.9,361.7,295.5,90.6,84.9,93.2,88,203,274.9,477.9,-34.7,906.3,250.1,-3.96,588.4,,133.4,160.7,294.2,-66.1,920.3,308.4,-3.14,588.4,,7.29,339.6,3.38,225.9,3.13,221.7,7.43,288.2,,,,12392.69,500.5,6.85,285.1
20220914,151933,15,Organized,Weakening,251574,13.9,101.1,Stratiform,In Cloud,Likely going through evaporated/dissipated stratiform,Yes,,Yes,No,No,Eastern Atlantic,No,No,No,Yes,No,,,,1006.5,9.8,984.7,203.8,601.6,4397.4,399.1,7608,450.3,355.4,300.2,89.4,57.6,96.5,73.2,294.8,800,1094.7,-165,976.6,,1.13,976.6,,48.7,75.7,124.3,-323.4,815.8,443.8,-0.02,449.2,,6.23,300.8,62.75,101.2,29.03,294.5,29.61,84.4,,,,12326.66,498.5,22.95,66.2
20220914,153201,15,Organized,Weakening,251574,13.9,101.1,Stratiform,In Cloud,Likely going through evaporated/dissipated stratiform; SkewT/APR suggests maybe Clear Near,Yes,,Yes,No,No,Eastern Atlantic,No,No,No,Yes,No,,,,1007.1,24.2,951.2,525.8,575.9,4687.6,400.6,7585.2,443.1,360.8,299.3,,67.9,91.8,76.2,138,282.2,420.3,-160.7,965,,-0.09,951.2,,72,121.9,193.9,-226.5,885,374.4,-2.16,559.4,,14.02,348.4,37.59,102.7,2.92,242.4,26.6,67.4,,,,12363.95,485.1,26.12,93.3
20220914,154349,15,Organized,Weakening,251574,13.9,101.1,Stratiform,In Cloud,Likely going through evaporated/dissipated stratiform; APR suggests maybe Clear Near,Yes,,Yes,No,No,Eastern Atlantic,No,No,No,Yes,No,,,,1008.2,10.8,963.7,407.2,578.6,4705.4,398.5,7617,451,356.6,295.5,91.7,72.1,85.8,77.7,156.1,263.1,419.2,-153.2,893.1,207.5,-3.49,636.1,,128,195,323,-202,923.1,299,-3.02,636.1,,4.19,12.6,36.14,98.1,10.7,292.4,26.97,82.4,,,,12363.03,499.5,23.28,106
20220914,155230,15,Organized,Weakening,251574,13.9,101.1,Stratiform,In Cloud,Likely going through evaporated/dissipated stratiform,Yes,,Yes,No,No,Eastern Atlantic,No,No,No,Yes,No,,,,1008.1,8.1,988.4,182.4,595.7,4465.4,398.7,7608.1,441.1,365.5,299,88,74.9,84.5,79.4,197.8,429.9,627.7,-89.7,973.8,,1.45,973.3,,150.1,306,456.1,-118.3,915.8,202.4,-4.5,594.8,,0.84,347.4,32.51,97.3,8.86,282.3,23.18,93.9,,,,12328.37,500.3,22.51,97.6
20220914,160427,15,Organized,Weakening,251574,13.9,101.1,Stratiform,In Cloud,Likely going through evaporated/dissipated stratiform,Yes,,Yes,Yes,No,Eastern Atlantic,No,No,No,Yes,No,,,,1008.4,14.2,992.5,154.4,577.2,4720.4,399.1,7595.5,456.8,357.5,292.8,90.8,83.3,,,245.9,431.1,677,-52.9,990.5,,0.62,989.9,,93.7,175.6,269.2,-107.7,895.8,388.5,-2.71,417.1,,4.51,124.7,17.55,6,6.18,211.6,10.03,13.3,,,,11424.64,499.9,8.07,352.9
20220916,143341,16,Organized,Mature,259748,4.7,85.1,Convective,Clear Near,,,,,Yes,No,Eastern Atlantic,No,Yes,No,No,No,,,,1009.5,5.8,942.4,613,586.2,4590,398,7615.1,454.6,372.7,302.2,88,81.8,71.5,79,461.2,654.6,1115.8,0,955.4,,-0.32,944.8,,282.5,419.2,701.7,-14.7,918.9,,1.08,918.3,,5.47,333.6,11.86,89.5,12.54,292.7,10.56,348.4,,,,11121.62,498.7,7.81,359
20220916,144808,16,Organized,Mature,255757,8.8,76.6,Convective,Clear Near,,,,,Yes,Yes,Eastern Atlantic,No,Yes,No,No,No,,,,1010.3,12.8,930.9,733.8,557.6,5005.5,398.5,7619.8,446.9,377,308.7,90.5,78.5,45,70.1,520.6,555.5,1076.1,0,955.5,,,,,404.7,444.3,849,-0.1,935.8,,0.12,935.3,,8.4,253.5,14,94.4,16.88,298.7,10.05,294,,,,11717.76,500.1,7.27,345.7
20220916,150300,16,Organized,Mature,255757,8.8,76.6,Convective,In Precip,,,,,No,No,Eastern Atlantic,No,Yes,No,No,No,,,,1011.7,8.6,996.7,139.6,569,4842.6,398.8,7616.1,443.2,362.1,298.5,88.8,97.5,96.5,97.1,141.6,145.3,286.9,-0.2,862.8,216.4,-2.79,627.5,,34.9,24.3,59.2,-28,948.6,400.6,0.13,404.7,,4.36,130.3,18.49,277.9,13.7,179.2,20.18,226.6,,,,12031.14,499.4,20.92,251.9
20220916,151730,16,Organized,Weakening,259748,4.7,85.1,Convective,Clear Near,,,,,No,Yes,Eastern Atlantic,No,Yes,No,No,No,,,,1010.3,7.9,992.1,168.1,579.7,4684.4,397.8,7621.9,454.7,368.3,304.2,83.7,88.4,68.3,81.6,180.1,244.9,424.9,-28.8,929.6,216.4,-3.3,441.1,,106.7,140.4,247.1,-37,905.8,291.4,-0.26,319.6,,3.23,27.4,13.88,91.1,20.33,335.1,22.42,17.2,,,,12022.48,500.3,14.3,9.3
20220916,152223,16,Organized,Weakening,259748,4.7,85.1,Convective,In Cloud,,,,,No,Yes,Eastern Atlantic,No,Yes,No,No,No,,,,1010.5,8,965.4,408.3,571.1,4803.1,398.1,7615.7,442,366.6,301.6,90.9,89.8,69.6,83.7,233.4,304.4,537.8,0,907.6,,0.03,907.2,,103.2,152,255.2,-23.1,927.2,328.6,-2.4,478.8,,5.12,68.6,8.9,58.9,16.42,16.2,28.26,37.6,,,,12029.83,497.8,21.88,24.5
20220916,153809,16,Organized,Mature,255757,8.8,76.6,Convective,In Cloud,,,,,No,No,Eastern Atlantic,No,Yes,No,No,No,,,,1009.7,8.2,975,316.6,555.4,5026.2,398.2,7618.3,454.9,362.3,303.3,69.7,81.9,85.6,82.4,153.4,146.5,299.9,-42.7,926,217.3,-2.36,448.9,,5.5,0,5.5,-128.4,876.5,626.9,-0.37,642.1,,6.76,63.3,14.21,293.7,24.66,184.2,17.82,208.9,,,,12046.62,499.6,24.19,209.5
20220916,164014,17,Organized,Growing,260007,11.5,93.6,Convective,Clear Near,,,,,No,No,Eastern Atlantic,No,Yes,No,No,Maybe,,,,1007.6,19.2,941.2,619,555.7,5027.7,398.4,7614.8,455.7,361.7,300.2,88.1,84,84.1,84.4,265,416.9,681.9,-1.1,952.6,,0.26,951.5,,178.2,332.2,510.4,-3.7,929.3,,0.34,929.3,,7.6,9.3,21.24,166.8,6.98,117.4,20.62,142.6,,,,12052.28,498.1,25.39,151.5
20220916,171128,17,Organized,Growing,260007,11.5,93.6,Stratiform,In Precip,,,,,No,No,Eastern Atlantic,No,Yes,No,No,Maybe,,,,1009.3,9,996.1,125.1,575.1,4741.7,397.7,7621.7,444.6,362,301.3,82.5,91,93.1,91.3,174.2,136.4,310.6,-62.7,977.1,249.1,-2.78,592.5,,117.6,69.9,187.5,-48.4,911.3,417.3,-2.18,592.5,,3.54,50.4,16.68,129.6,15.26,249.7,13.72,173.6,,,,12051.88,502,15.69,170.4
20220916,172129,17,Organized,Growing,260007,11.5,93.6,Convective,In Cloud,,,,,N/A,N/A,Eastern Atlantic,No,Yes,No,No,Maybe,,,,1009.2,15.2,992.8,160.2,562.6,4926.5,398.3,7619.9,449.2,363.4,300.3,81,89.4,82,86.9,611.5,683.4,1294.8,-0.1,971.3,,0.05,970.7,,260.4,316.9,577.3,-19.8,917.2,,1.13,917.1,,,,,,,,,,,,,12069.36,501.8,,
20220916,173550,17,Organized,Growing,260007,11.5,93.6,Stratiform,In Cloud,,,,,Yes,No,Eastern Atlantic,No,Yes,No,No,Maybe,,,,1007.7,19.1,973.9,320.7,572.8,4769.1,397.9,7615.3,450.1,363.5,302.2,85.6,93.6,86.2,90.9,373.6,475.1,848.7,-10.9,960.5,,1.15,960,,336.9,435.1,771.9,-4.4,935.9,,0.4,931.6,,8.16,26.9,16.23,85.5,12.02,296,16.58,32.8,,,,12038.3,478.8,4.2,59.9
20220916,174606,17,Organized,Growing,260007,11.5,93.6,Convective,In Cloud,,,,,Yes,No,Eastern Atlantic,No,Yes,No,No,Maybe,,,,1008.4,8.1,976,297,568.3,4814.4,401.4,7544.7,441.6,364.2,301.2,82.4,89.8,84.9,88.4,342.4,396.3,738.7,-13.2,959.1,,1.28,958.9,,265.5,318.4,583.9,-7.2,924.5,,0.68,924.2,,7.98,25.4,14.6,87.5,4.98,289,16.55,52.3,,,,12051.86,499.4,9.39,116
20220916,180341,17,Organized,Growing,260007,11.5,93.6,Convective,In Cloud,Going through evaporating/dissipating stratiform; might be In Precip,Yes,,Yes,No,No,Eastern Atlantic,No,Yes,No,No,Maybe,,,,1010,8.6,982.4,252.1,576.6,4719.2,398.4,7613.4,442.1,364.5,297.8,88.2,93.4,91,92.6,309,315.6,624.7,-5.6,977.8,,-0.35,931.2,,217.1,211.6,428.7,-8.5,936.8,233,-3.14,612.5,,7.02,119.9,15.23,169.1,17.19,244.3,26.64,194.7,,,,12032.27,502.7,24.19,201.7
20220916,182255,17,Organized,Growing,260007,11.5,93.6,Stratiform,In Cloud,Going through evaporating/dissipating stratiform; might be In Precip,Yes,,Yes,No,No,Eastern Atlantic,No,Yes,No,No,Maybe,,,,1008.8,14.3,980.3,265.8,571.3,4799.7,397.8,7620.3,446.7,365,297.7,86.5,87.1,93.8,89.4,125.7,175.3,301,-55.9,981.6,247.8,-2.51,460.8,,3.9,0,3.9,-168.7,897.7,582.4,-0.43,610.8,,8.3,94.6,12.29,139.6,8.54,260.5,14.07,144,,,,12040.2,497.2,12.85,222.2
20220916,183129,17,Organized,Growing,260007,11.5,93.6,Stratiform,In Cloud,SkewT/APR suggests maybe Clear Near,Yes,,,No,No,Eastern Atlantic,No,Yes,No,No,Maybe,,,,1007.6,10.8,964.1,401.4,573.7,4756.3,397.7,7615.1,449.9,363.2,301.1,86,90.7,92.5,91,355.7,513,868.7,-0.8,944.9,,0.24,944.6,,291.5,440.9,732.3,-2.2,935.8,,0.34,935.4,,7.81,32.3,31.46,136.8,20.82,263.9,19.18,164.7,,,,12056.75,501.1,26.7,179.1
20220922,54051,18,Organized,Mature,272347,8.5,81.1,Stratiform,Clear Near,,,,,Yes,Yes,Eastern Atlantic,No,Yes,No,Yes,Maybe,,,,1006,13.1,941.4,598.7,587.1,4569.9,397.2,7619.1,446,,,87.4,66.4,64.1,67.6,367.1,716,1083.1,-3.2,958.6,,-1.76,902,,244.6,543.8,788.5,-19.4,931.4,,-0.81,902,,3.67,89.4,9.87,98.8,12.55,144.2,23.83,119.4,,,,7847.85,502.5,20.86,126
20220922,60235,18,Organized,Mature,272347,8.5,81.1,Stratiform,In Cloud,SkewT suggests maybe In Cloud,Yes,,,Yes,Yes,Eastern Atlantic,No,Yes,No,Yes,Maybe,,,,1006.1,12.6,975,290.9,585.1,4587.1,396.9,7615.8,446.2,,,82.2,85.9,87.8,86.4,320.6,622.6,943.2,-0.6,955.3,,0.21,955.1,,180.1,449.3,629.4,-3.5,928.6,,-0.74,845.8,,6.06,9.2,23.89,127.8,8.38,280.3,13.47,121.7,,,,7847.49,502.2,19.17,141.3
20220922,61307,18,Organized,Mature,272347,8.5,81.1,Stratiform,Clear Near,,,,,No,No,Eastern Atlantic,No,Yes,No,Yes,Maybe,,,,1006.8,8,942.8,586.2,569.3,4808.1,396.7,7619.7,448.1,,,86.6,81.5,72.2,79.1,312.7,502.2,814.9,-0.6,957.6,,0.14,957.4,,118.1,260,378.1,-28,915.7,,0.85,915.6,,6.85,337.1,14.36,193.1,15.87,46.1,6.54,57.7,,,,7839.51,501.6,7.73,99
20220922,63908,18,Organized,Mature,272347,8.5,81.1,Convective,Clear Near,,,,,No,No,Eastern Atlantic,No,Yes,No,Yes,Maybe,,,,1006.7,14.4,951,515.5,580.6,4651.9,397.1,7618.1,449.1,,,82.9,85.2,76.6,82.2,258.6,469.4,728,-2.6,951.6,,0.42,951.6,,117.9,289.7,407.7,-11.6,917.7,,-0.22,833.1,,3.44,245.4,2.43,163.9,9.41,54.7,5.37,72.4,,,,7832.37,500.5,8.56,69.2
20220922,65023,18,Organized,Mature,272347,8.5,81.1,Convective,In Precip,SkewT suggests maybe In Precip,Yes,Yes,,No,No,Eastern Atlantic,No,Yes,No,Yes,Maybe,,,,1006.6,7.5,987.4,176.7,557.8,4966.8,396.6,7618.4,454.4,362,300.7,93,,79.2,,123.6,264.7,388.4,-0.7,868.6,,0.15,868.5,,70.7,199.4,270.1,-35.1,932.7,258.2,-2.55,398.6,,1.63,277,21.78,222.3,4.15,136.5,23.24,215,,,,11199.85,496.9,22.72,202.7
20220922,70250,18,Organized,Mature,272347,8.5,81.1,Convective,In Precip,,,,,No,No,Eastern Atlantic,No,Yes,No,Yes,Maybe,,,,1006.4,12,967.3,362.5,572.4,4763.4,397.6,7607.8,451,364.8,299.6,95.6,89.9,84.5,88.6,577.3,742,1319.2,-0.1,984.2,,0.07,983.2,,422.4,578.7,1001.1,0,949.6,,,,,5.83,299.9,4.45,306.5,3.17,152.7,7.61,291.1,,,,11697.08,497.6,2.24,219.5
20220922,70630,18,Organized,Mature,272347,8.5,81.1,Convective,In Cloud,,,,,Yes,Yes,Eastern Atlantic,No,Yes,No,Yes,Maybe,,,,1005.4,8.2,948.1,527.3,566.8,4846.4,397,7617.2,453,365.4,301.8,85.7,80.8,83.9,82.1,469.3,744.2,1213.5,-0.1,966.2,,0.07,965.5,,227.4,476.9,704.3,-9,920.7,,-0.19,867.5,,1.84,9.9,6.15,100.9,4.69,167.3,8.39,119,,,,11702.28,495.7,9.06,129.8
20220922,71331,18,Organized,Mature,272347,8.5,81.1,Stratiform,Clear Near,,,,,Yes,Yes,Eastern Atlantic,No,Yes,No,Yes,Maybe,,,,1005.2,17.1,947,543.9,574.4,4730.8,397.2,7611.5,447.6,367.1,302.8,89.9,83.9,77.3,82.2,531.3,777.3,1308.6,0,969,,0.04,968.9,,342.4,561.7,904.1,-1.6,931,,0,913,,5.26,319.8,12.17,126.4,3.76,195,8.65,142.2,,,,11720.62,498.9,14.27,143.7
20220922,72339,18,Organized,Mature,272347,8.5,81.1,Stratiform,In Precip,,,,,No,No,Eastern Atlantic,No,Yes,No,Yes,Maybe,,,,1006.5,13.9,942.4,594.4,582.7,4628.9,397.2,7619.2,451.8,365.7,304.1,88.8,79.8,93.3,85.7,352.1,661.1,1013.2,-0.5,960.6,,0.16,960.3,,221.5,506.2,727.7,-2.5,932.4,,-0.42,852.9,,3.62,335.2,23.48,133.4,7.81,268.6,15.01,149.1,,,,11698.7,501.2,18.23,145
20220922,73503,18,Organized,Mature,272347,8.5,81.1,Stratiform,Clear Near,,,,,Yes,Yes,Eastern Atlantic,No,Yes,No,Yes,Maybe,,,,1005.9,7.8,940.7,599.2,581.2,4638.2,396.5,7621.8,437.9,374,302,86.5,79.5,76.7,79.2,383.8,680.2,1064,-0.5,956.2,,0.16,956.1,,243.7,499.7,743.4,-10.1,925,,-1.4,849.6,,3.27,20,,,,,,,,,,11695.59,498.9,,
20220922,80029,18,Organized,Mature,272347,8.5,81.1,Stratiform,Clear Near,,,,,Yes,Yes,Eastern Atlantic,No,Yes,No,Yes,Maybe,,,,1005.4,7.9,943.6,568.4,585.2,4586.1,396.6,7622,449.3,368.9,299.4,90.4,67.1,70.4,70.1,366.6,743.6,1110.2,-0.2,959.8,,0.09,959.4,,246.2,586.8,833,-8.5,928.7,,-0.12,898.7,,3.4,146.7,7.52,101.1,8.89,132,18.87,123.1,,,,11598.21,497.8,16.63,119.7
20220922,81159,18,Organized,Mature,272347,8.5,81.1,Stratiform,Clear Near,,,,,Yes,Yes,Eastern Atlantic,No,Yes,No,Yes,Maybe,,,,1005.4,8.2,949.2,517.4,574.3,4736.7,397.1,7617.2,448.8,365.7,300.5,90.3,79.5,76.4,79.6,567.1,829.8,1396.9,-0.1,973.5,,0.04,973,,345.8,586.2,932,-7.9,927.1,,0.87,926.5,,4.07,267.6,5.57,64.8,5.12,49.6,7.49,42.4,,,,11713.82,501.6,11.11,60
20220922,82023,18,Organized,Mature,272347,8.5,81.1,Stratiform,In Cloud,,,,,Yes,Yes,Eastern Atlantic,No,Yes,No,Yes,Maybe,,,,1005.8,8,944.4,565.1,561.8,4919.7,397.2,7617.3,455.3,363,300.4,90.6,81.7,71.4,79.3,589.1,809.4,1398.5,0,968.6,,,,,387.7,601.8,989.5,-2.1,931.9,,0.38,931.2,,5.62,21.7,14.62,58.8,3.89,23.3,22.93,45,,,,11708.3,498.1,18.31,54.9
20220923,92645,19,Organized,Mature,279067,4.3,240.6,Stratiform,Clear Near,,,,,No,No,Eastern Atlantic,Yes,Yes,No,No,Maybe,,,,1007.1,5,957.5,451.3,568.3,4834,397.6,7617.5,443.1,362.6,299.1,87.4,73.5,41.9,64.6,367.2,624.2,991.5,-0.3,967,,-0.03,966.6,,94.3,320.6,414.8,-11.5,916.7,,-0.79,813.5,,6.87,216.9,17.19,159.3,6.95,157.4,28.42,170.7,,,,11401.89,502.6,23.49,157.9
20220923,93325,19,Organized,Mature,279067,4.3,240.6,Stratiform,Clear Near,,,,,No,No,Eastern Atlantic,Yes,Yes,No,No,Maybe,,,,768.6,2355,,,567.2,4854.5,398.3,7620,450.4,364.2,294.7,,,68,,,,,,,,,,,,,,,,,,,,,,,,9.67,147.2,,,,,,11430.59,2355,,
20220923,94639,19,Organized,Mature,279067,4.3,240.6,Stratiform,In Precip,,,,,No,No,Eastern Atlantic,Yes,Yes,No,No,Maybe,,,,1005.6,18.2,946.4,554.5,584.8,4609.5,398.2,7612.8,443,361,297.1,86,81.7,95,86.9,312.1,626.7,938.8,-0.8,956.7,,0.25,955.7,,196.6,477.8,674.4,-11.9,927.5,,-0.01,833.7,,4.8,251.5,2.39,238.8,21.74,164.6,23.71,182,,,,11422.93,494.2,23.09,172
20220923,95146,19,Organized,Mature,279067,4.3,240.6,Stratiform,Clear Near,,,,,No,No,Eastern Atlantic,Yes,Yes,No,No,Maybe,,,,1007.9,8.3,936,660.8,572.1,4793.6,398.5,7611.7,448.2,364.9,301.6,89.5,74.4,68.3,74.4,312.5,631,943.5,0,959.3,,,,,193,493.3,686.3,-10.1,931.8,,-0.07,826.4,,2.58,297,8.13,153.6,20.14,159.2,26.39,161.2,,,,11440.66,498,29.21,160.2
20220923,101157,19,Organized,Mature,279067,4.3,240.6,Stratiform,Clear Near,,,,,No,No,Eastern Atlantic,Yes,Yes,No,No,Maybe,,,,1007.3,7.5,936,655.3,564.8,4880.7,397.9,7620.1,449.9,364.2,295.1,89.7,81.6,64.1,77.2,366.2,611.8,978,0,959.4,,,,,216.4,456.9,673.3,-3.9,929.7,,0.5,929.3,,1.91,21.6,12.83,171.2,8.32,167.4,19.72,167.2,,,,11429.09,501.1,21.83,168.7
20220923,103002,19,Organized,Mature,279067,4.3,240.6,Stratiform,Clear Near,,,,,Yes,No,Eastern Atlantic,Yes,Yes,No,No,Maybe,,,,1006.6,10.5,954.8,476.5,547.5,5135.4,397.9,7619.9,440.6,360.7,293.7,88.1,75.6,41.6,67.3,284.5,441.9,726.4,-5.1,955.5,,0.44,955.4,,200.1,360.2,560.3,-9.1,928.4,,0.76,928.2,,2.99,239.4,5.49,169.8,6.08,171.1,13.17,183.8,,,,11455.8,501.4,11.44,167.8
20220923,103727,19,Organized,Weakening,279067,4.3,240.6,Stratiform,Clear Near,,,,,No,No,Eastern Atlantic,Yes,Yes,No,No,Maybe,,,,859.2,1382,,,551.7,5066.6,398.1,7612.8,438,359.1,295.8,,,50.7,,,,,,,,,,,,,,,,,,,,,,,,10.41,197.7,,,,,,11454.64,1382,,
20220923,104453,19,Organized,Weakening,277703,4.5,158.6,Stratiform,In Cloud,,,,,N/A,N/A,Eastern Atlantic,Yes,Yes,No,No,Maybe,,,,1005.2,5.6,992.6,117,554.9,5008.9,397.5,7620.6,437.8,349.2,290.3,94.9,,86.4,,131.5,259.4,390.8,-7.6,893.7,237.1,-2.92,508.7,,104.3,213.8,318,-27.2,944.5,243.7,-2.52,596.3,,,,,,,,,,,,,11429.1,502,,
20220923,105242,19,Organized,Weakening,277703,4.5,158.6,Stratiform,In Precip,,,,,No,No,Eastern Atlantic,Yes,Yes,No,No,Maybe,,,,1004.5,13.3,986.5,172.4,564.9,4864.3,397.6,7613.7,435.8,353.8,291.6,97.5,94.9,93.9,94.7,126.6,184.4,311,-9.4,998,234.7,-3.11,572.6,,64,96.9,160.9,-34.7,939.2,312.2,-2.41,572.6,,8.14,54.7,15.24,263.3,8.1,308.9,16.66,298.4,,,,11444.04,504.5,24.22,272.8
20220923,110017,19,Organized,Weakening,277703,4.5,158.6,Stratiform,In Precip,In Precip below 800mb? Otherwise In Cloud,Yes,Yes,,No,No,Eastern Atlantic,Yes,Yes,No,No,Maybe,,,,1007.8,7.7,948.3,540,555.4,5013.3,397.8,7620.4,440.8,355.6,296,94.8,91.2,85.8,90,177.5,180.5,358,0,977.5,240,-2.59,591.9,,83.3,89.6,172.9,-14,949.1,346.4,-0.19,359.4,,7.98,57.7,19.13,211.9,1.18,232.3,13.49,198.6,,,,11441.17,500.5,18.83,207.9
20220923,111043,19,Organized,Weakening,277703,4.5,158.6,Convective,In Cloud,,,,,No,No,Eastern Atlantic,Yes,Yes,No,No,Maybe,,,,1008.4,7.6,938.3,636.3,560.4,4942.2,397.7,7619.9,435.1,361.7,297.8,93.9,90.8,85,89.5,141.2,139.3,280.5,-10.4,977.4,262.7,-1.96,506.4,,28.9,25.3,54.2,-47.6,947.8,452.6,-0.86,597.5,,12.9,92.6,15.01,209.6,17.69,237.9,25.17,202.1,,,,11443.74,501.7,31.56,219.2
20220923,111459,19,Organized,Weakening,277703,4.5,158.6,Convective,Clear Near,,,,,No,No,Eastern Atlantic,Yes,Yes,No,No,Maybe,,,,1008,7.7,930.7,704.6,554.3,5028.5,397.7,7619.8,432.4,358.5,299.4,89.5,92.7,64.1,84.3,124.8,74.7,199.6,-22,955.2,264.1,-2.49,617.4,,39.8,2.4,42.2,-77.4,934.6,458.3,-0.52,462.6,,7.14,117,12.63,241,24.46,230.7,34.45,223.5,,,,11406.11,498.6,39.91,224.5
20220923,112201,19,Organized,Weakening,277703,4.5,158.6,Convective,Clear Near,,,,,No,No,Eastern Atlantic,Yes,Yes,No,No,Maybe,,,,1008.1,8,935.5,662.6,563.2,4901.6,397.9,7615.4,447.4,365.5,299.2,87.3,86,57.4,77.8,104.8,183.7,288.6,-19.9,960.1,267.3,-2.72,468.2,,11,15.8,26.8,-129.1,917.8,350.2,-0.76,468.2,,19.94,68.4,27.83,228.7,24.02,234.4,33.15,220.3,,,,11429.56,501.5,46.87,224.1
20220923,113517,19,Organized,Weakening,277703,4.5,158.6,Convective,Clear Near,,,,,No,No,Eastern Atlantic,Yes,Yes,No,No,Maybe,,,,1008.4,13.3,940.9,620.3,559.3,4963.6,398.2,7615.1,452.5,365.4,298.5,82.7,83.3,51,73.9,58.4,100.7,159.1,-36.2,945.4,326.3,-1.88,451,,0.1,0.1,0.2,0,909,450.2,-0.06,775.9,,10.68,46.1,22.88,204.1,30.82,245.7,38.95,227.5,,,,11428.65,502.6,44,224.5
20220923,114018,19,Organized,Weakening,277703,4.5,158.6,Convective,Clear Near,,,,,No,No,Eastern Atlantic,Yes,Yes,No,No,Maybe,,,,1007.5,7.8,929.9,710,558,4973.5,398.1,7615.7,428.5,366.4,296.6,88,89.1,51,77.1,219.6,229.1,448.7,-13.6,961.8,,0,909.8,,77,49,126,-68.9,927.7,323.8,-1.48,367.3,,14.46,61.2,23.8,238.4,24.42,235.7,33.8,234.7,,,,11411.48,497.6,46.79,233.5
20220923,114510,19,Organized,Weakening,277703,4.5,158.6,Convective,Clear Near,,,,,No,No,Eastern Atlantic,Yes,Yes,No,No,Maybe,,,,1006.4,6.8,945.2,556.5,546.3,5137.4,397.6,7620.6,434.5,353.6,300.5,91.9,86.2,63.9,80.9,170.5,174.6,345.1,-1.1,968.6,250,-2.91,285.6,,81.2,93.8,174.9,-10.3,940.8,272.5,-1.78,459.6,,6.13,92.5,16.03,232.5,17.86,239.3,29.12,229,,,,11404.38,500.3,34.94,237.4
20220923,115425,19,Organized,Weakening,277703,4.5,158.6,Convective,In Precip,,,,,No,No,Eastern Atlantic,Yes,Yes,No,No,Maybe,,,,1006.1,6.1,993.4,118,555.9,4993.9,397.7,7620.1,432.5,358.9,290.9,94.1,95.8,82.8,91.9,135,155.5,290.4,0,908.1,237.4,-0.01,242.7,,83.6,101.3,184.9,-4,947.6,310.1,-2.39,347.8,,5.05,347.6,14.87,246.6,10.91,307.7,23.9,284.1,,,,11456.38,501.8,21.25,264
20220923,115927,19,Organized,Weakening,279067,4.3,240.6,Convective,Clear Near,,,,,Yes,Yes,Eastern Atlantic,Yes,Yes,No,No,Maybe,,,,1006.1,5.5,939.2,609.6,541.2,5221.6,398.4,7609.8,442.1,360.6,290.4,91.6,84.6,72.7,82.3,192.6,261.3,453.9,0,964,,,,,86.9,174.6,261.5,-2.8,940.3,244.4,-3.21,426.5,,9.03,48.9,16.45,238.7,11.71,229.6,19.3,237.2,,,,11443.37,500.9,25.76,226.6
20220923,120516,19,Organized,Weakening,279067,4.3,240.6,Convective,Clear Near,,,,,Yes,Yes,Eastern Atlantic,Yes,Yes,No,No,Maybe,,,,1006.4,13.5,933.5,673.2,550.2,5095.2,398,7618.9,440.6,361.8,298.1,92.7,85.6,40.1,74.8,140.4,242.3,382.7,0,958.5,,-0.73,900.2,,84.9,190.6,275.5,-4.2,943.2,283.6,-2.84,458.9,,2.35,78.9,22.41,219.1,7.59,250.1,27.49,224.1,,,,11444.14,500.1,25.35,222
20220923,121351,19,Organized,Weakening,279067,4.3,240.6,Stratiform,Clear Near,,,,,No,No,Eastern Atlantic,Yes,Yes,No,No,Maybe,,,,1006.7,7.8,951.9,499.6,562.2,4921.2,397.8,7619.1,444.1,362.8,295.4,90.7,82.2,33.9,68.2,161.8,349.2,511,-1.2,964.3,,-0.2,955.8,,93.6,268,361.5,-14.6,936.5,245.2,-3.37,412.8,,3.98,110.1,23.7,225,3.2,184.5,24.95,211.3,,,,11425.57,499.6,26.02,220
20220923,121756,19,Organized,Weakening,279067,4.3,240.6,Stratiform,Clear Near,,,,,Yes,Yes,Eastern Atlantic,Yes,Yes,No,No,Maybe,,,,1006.4,12.2,935.7,651.8,555.9,5011.9,398.2,7617.5,442.9,366,294.5,91.3,83.3,42.6,72.4,195.4,386.7,582.1,0,963.2,,,,,93.9,286.2,380,-6,940.8,,-0.56,713.8,,3.61,82.5,20.32,219.5,4.92,205.5,22.84,210.1,,,,11428.67,500.1,25.63,214
20220923,122255,19,Organized,Weakening,279067,4.3,240.6,Stratiform,Clear Near,,,,,N/A,N/A,Eastern Atlantic,Yes,Yes,No,No,Maybe,,,,1005.7,8.4,959.3,424.8,560.4,4947.2,398,7618.1,444.9,362.9,293.1,90,85.2,71.2,81.6,139,404.8,543.8,-11.2,969.7,,-0.42,781.9,,61.8,305.4,367.1,-35.9,936.9,,-0.62,808.6,,,,,,,,,,,,,11441.97,500.5,,
20220923,124223,19,Organized,Weakening,279067,4.3,240.6,Stratiform,Clear Near,SkewT/APR suggests maybe Clear Near,Yes,,,Yes,Yes,Eastern Atlantic,Yes,Yes,No,No,Maybe,,,,1007.2,8.3,968.2,356,568.6,4827.6,397.7,7618.5,447.9,355.9,292.2,94.8,88.6,82.1,86.9,255.1,493.9,749.1,-0.8,983.5,,-0.34,958.7,,118.1,310.8,428.9,-40.8,926.5,,1.02,925.9,,8.89,270.1,18.46,252.6,11.81,105.1,17.35,240.5,,,,10421.14,497.2,13.2,199.6
20220923,124619,19,Organized,Weakening,279067,4.3,240.6,Stratiform,In Cloud,"SkewT doesn't show a lot of saturation though, but APR shows In Precip",Yes,,,Yes,Yes,Eastern Atlantic,Yes,Yes,No,No,Maybe,,,,1005.6,8.1,962.6,393.7,574.4,4739.4,397.5,7615,447.2,361.1,293.7,95.2,81.8,89.3,85.1,246.3,538.6,785,-0.5,980.4,,-0.36,964.9,,110.5,364.2,474.7,-24.3,930.7,,-1.09,738.6,,3.92,290.7,32.32,233.8,17.71,90.1,21.03,216,,,,11432.37,498.4,22.33,198.9
20220923,125021,19,Organized,Weakening,279067,4.3,240.6,Stratiform,Clear Near,,,,,Yes,Yes,Eastern Atlantic,Yes,Yes,No,No,Maybe,,,,1004.9,13.4,932.5,671.3,557.7,4974.7,397.4,7616.2,446.2,363.4,295.9,87.9,78.1,37.9,67.8,232.5,470.7,703.2,-0.1,950.9,,-0.4,937.2,,98.4,324.8,423.2,-17.2,923,235.2,-3.97,534,,4.88,337.6,18.38,223.4,9.04,188,24.01,220.9,,,,11422.19,500.8,26.32,212.6
20220923,125155,19,Organized,Weakening,279067,4.3,240.6,Stratiform,Clear Near,,,,,No,No,Eastern Atlantic,Yes,Yes,No,No,Maybe,,,,1006.7,7.7,972.3,314.6,555.5,5011.4,397.5,7622.2,445.7,362.9,295.6,86.7,82.1,28.8,68.9,305.1,499,804.1,-1.6,975.2,,0.36,975.1,,125.3,327.7,452.9,-5.1,932,,-0.65,776,,6.28,19.8,21.53,218.6,5.22,188.6,20.21,217.2,,,,11422.21,501.4,26.12,212.8
20220923,125837,19,Organized,Weakening,279067,4.3,240.6,Convective,Clear Near,,,,,No,No,Eastern Atlantic,Yes,Yes,No,No,Maybe,,,,1006.9,14,964.8,391.5,561,4945.5,398.2,7615.3,446,364.5,299.9,81.9,78.8,19.1,61,262.7,454.4,717.1,-5.3,954.8,,0.65,953.7,,167.7,355.9,523.7,-4.6,927.4,,-0.35,816.1,,7.08,276,17.95,215.4,3.59,210.8,25.84,228.5,,,,11329.35,498.4,18.35,208.4
20220923,130413,19,Organized,Weakening,279067,4.3,240.6,Convective,Clear Near,,,,,No,No,Eastern Atlantic,Yes,Yes,No,No,Maybe,,,,1006.9,11.2,950.1,522.6,567.3,4849.9,397.8,7618.4,443.3,362.9,301.5,87.2,,26.5,,227.7,439.9,667.6,-7.1,953.4,,-0.65,846.9,,161.4,359.4,520.8,-19.4,928.4,237,-4.9,532.8,,7.93,13.7,23.51,213.6,8.28,164.8,21.74,199,,,,11325.44,507.8,29.38,196.2
20220923,130841,19,Organized,Weakening,279067,4.3,240.6,Convective,Clear Near,"SkewT doesn't show any saturation, though APR indicates In Precip",Yes,,,No,No,Eastern Atlantic,Yes,Yes,No,No,Maybe,,,,1005.8,17.1,979.7,248.7,573,4764.4,398.2,7610,445.2,362.2,297.4,93.5,85.5,,,244.7,430.5,675.2,-3.9,962.1,,0.55,961.8,,182.8,366.6,549.4,-4.9,940.6,,0.63,940.3,,8.18,322.6,20.95,227.6,12.57,147.1,22.79,217.5,,,,11387.07,485,30.13,189.9
20220923,131209,19,Organized,Weakening,279067,4.3,240.6,Convective,In Precip,,,,,No,No,Eastern Atlantic,Yes,Yes,No,No,Maybe,,,,1006.2,6,963.8,384.6,559.7,4939,396.8,7620.9,446.1,361,294.4,91.9,90.1,48.9,78.1,303.7,383.5,687.2,0,979,,,,,138.9,220.8,359.7,-7.8,937.1,251.6,-3.08,389.9,,,,,,,,,,,,,11431.22,500.9,,
20220923,132358,19,Organized,Weakening,279067,4.3,240.6,Convective,Clear Near,SkewT suggests maybe In Cloud,Yes,,,Yes,Yes,Eastern Atlantic,Yes,Yes,No,No,Maybe,,,,1005.7,7.3,973.6,294.1,562.2,4910.1,397.2,7620.2,439.9,362.6,295.7,82.7,83.7,52.1,74.3,206.1,407.8,613.9,-9.5,957.9,,-0.67,878.6,,117.3,301.5,418.7,-17.4,923.2,255.3,-3.91,538.1,,6.53,27.5,19.28,233.2,12.03,194,23.31,221.6,,,,11094.35,501.9,28.52,217.3
20220923,134112,19,Organized,Weakening,279067,4.3,240.6,Stratiform,In Cloud,SkewT suggests maybe In Cloud,Yes,,,No,No,Eastern Atlantic,Yes,Yes,No,No,Maybe,,,,1006.2,7.6,979.9,242.6,,,397.4,7616.9,444.8,361.7,294.8,89.6,,,,,,,,,,,,,,,,,,,,,,6.36,346.2,,,,,14.35,215.8,,,,10136.95,495.3,23.76,201
20220923,134440,19,Organized,Weakening,279067,4.3,240.6,Stratiform,Clear Near,,,,,No,No,Eastern Atlantic,Yes,Yes,No,No,Maybe,,,,1006.6,7.6,973.6,302,575.1,4734.9,400.6,7560,446.8,362.2,294.2,88.6,86.1,,,180,329.7,509.7,-24.1,969.5,,0.76,969.2,,116.7,244.5,361.2,-50.6,922.9,,1.44,922.5,,5.46,4,6.37,222.7,,,,,,,,10153.96,497.9,,
20220923,135114,19,Organized,Weakening,279067,4.3,240.6,Stratiform,In Cloud,Going through evaporating/dissipating stratiform; might be In Cloud,Yes,,Yes,Yes,Yes,Eastern Atlantic,Yes,Yes,No,No,Maybe,,,,1005.2,8.6,971.5,309.1,570.3,4799.2,397.2,7618.5,451.5,358.7,291.9,77.2,77.1,92.8,81.8,61.5,237.7,299.3,-118.6,944.1,301.5,-2.67,492.7,,34.3,139,173.3,-173.9,913.7,337.6,-0.38,364.2,,4.55,2.2,7.09,188.1,6.55,171.3,9.05,179.1,,,,10139.13,502.2,14.91,181.9
20220923,135735,19,Organized,Weakening,279067,4.3,240.6,Stratiform,Clear Near,SkewT suggests maybe In Cloud,Yes,,,Yes,No,Eastern Atlantic,Yes,Yes,No,No,Maybe,,,,1004.7,8.4,966.9,347.4,555.9,5005.9,397.3,7619.2,447.7,361.3,294,91.6,78.2,79.8,79.4,193.7,477.8,671.5,-3.6,970.7,,-0.66,773,,116.6,370.8,487.4,-36.4,933.3,,0.37,932.9,,4.57,17.2,2.31,201.2,6.77,179.7,4.62,171.2,,,,10106.58,501,8.75,187.9
20220926,72222,20,Organized,Growing,289906,6,301.4,Stratiform,In Precip,,,,,No,No,Eastern Atlantic,No,Yes,No,No,Maybe,,,,1007.3,12.6,982.1,235,576.7,4699.5,397.1,7610.7,451.7,366.5,306.7,92.7,91.5,85,89.6,381.6,456.5,838.1,0,934.7,,,,,279.4,341,620.4,-5,949.2,,0.54,948.7,,6.82,250.4,6.01,246.1,26.27,101.3,16.88,126.4,,,,11390.96,500.9,22.13,82.3
20220926,73245,20,Organized,Growing,289906,6,301.4,Stratiform,Clear Near,SkewT/APR suggests maybe Clear Near,Yes,,,Yes,No,Eastern Atlantic,No,Yes,No,No,Maybe,,,,1006.4,13.6,988.4,172,571.2,4765.6,396,7620.4,453.2,363.3,303.5,89.6,81,90.1,84,257.3,273.7,531,-11.2,938.6,,0.63,938.4,,236.6,248.4,485,-13.7,933.6,231.3,-4,632.1,,5.69,194.9,10.74,208.5,23.88,105.2,27.33,143.6,,,,11376.86,505.5,24.98,122.6
20220926,74043,20,Organized,Mature,290529,5.9,174.2,Stratiform,In Precip,,,,,No,No,Eastern Atlantic,No,Yes,No,No,Maybe,,,,1007.6,8.1,1001.1,64.8,577.2,4684.2,396.4,7616.6,447.7,361.9,302.3,84.6,90.3,92.9,91.1,503.3,558.6,1061.9,0,844.6,,0.01,844.5,,447.2,460.2,907.4,-6.1,951.2,,-2.51,822.8,,0.64,74.5,4.99,154.1,16.67,73.7,19.27,88.9,,,,11402.51,498,15.87,79.8
20220926,75133,20,Organized,Mature,290529,5.9,174.2,Stratiform,In Precip,,,,,No,No,Eastern Atlantic,No,Yes,No,No,Maybe,,,,1007.4,8.2,984.2,212.9,579.4,4650.2,397.4,7594.8,451,363.2,302,95.5,82.6,93.3,86.4,417.5,462,879.5,0,892.4,,0,892.2,,347.5,374.3,721.8,-4.3,955,,0.04,954.9,,0.79,24,11.55,8.9,24.47,143.9,18.26,114.6,,,,11388.94,498.3,24.15,119.5
20220926,80704,20,Organized,Weakening,290529,5.9,174.2,Stratiform,In Precip,"In Precip below 750mb? Otherwise Clear Near, per APR",Yes,Yes,,No,No,Eastern Atlantic,No,Yes,No,No,Maybe,,,,1006.3,8.7,992.4,131.4,563,4883.4,399.1,7561.6,454.4,360.4,304.7,89.9,,81.8,91.9,498.5,524.1,1022.6,0,957.1,,0.01,956.4,,325,372.8,697.8,-4.2,949.5,,-2.4,804,,1.37,20.8,17.82,81.7,10.12,248.9,8.74,88.5,,,,11389.63,498.3,18.04,120.5
20220926,81402,20,Organized,Weakening,290529,5.9,174.2,Stratiform,In Precip,,,,,No,No,Eastern Atlantic,No,Yes,No,No,Maybe,,,,974.7,300.8,,,566.9,4830.6,396.7,7618.2,454.9,371.1,304.3,,92.4,86.4,,,,,,,,,,,,,,,,,,,,,,,,9.1,178.3,,,,,,11397.71,521.3,33.58,94.8
20220926,82323,20,Organized,Growing,289906,6,301.4,Stratiform,Clear Near,,,,,Yes,Yes,Eastern Atlantic,No,Yes,No,No,Maybe,,,,1008,7.9,967.1,370.7,574.9,4730.4,396.6,7621.8,453.3,370.4,304.5,83.8,84.2,82.8,83.9,38.2,86.7,124.9,-68.2,962,353.8,-0.72,389.4,,0,0,0,0,897.9,897.9,2.52,897.8,,3.95,286,27.75,88.7,7.63,119,30.61,93.1,,,,11388.08,499.8,33.72,98.4
20220926,83006,20,Organized,Growing,289906,6,301.4,Stratiform,In Precip,,,,,No,No,Eastern Atlantic,No,Yes,No,No,Maybe,,,,1007.6,13.4,989.1,175.3,563.1,4900.1,397,7620.2,450.1,372.4,308.2,93,97.7,83.3,93.3,33,82.3,115.3,-12,870,266.6,-1.53,365.7,,2.6,6.4,9,-78.8,944,326.8,-0.11,348.3,,1.36,290.1,9.33,122.1,32.66,87.9,39.19,94,,,,11367.85,499.6,37.58,96.6
20220926,83900,20,Organized,Growing,289906,6,301.4,Stratiform,Clear Near,,,,,Yes,Yes,Eastern Atlantic,No,Yes,No,No,Maybe,,,,1008.2,10.5,936.2,662.4,594.1,4465.4,397.2,7612.8,449.1,369.5,310.4,90.8,73.3,82.7,78.3,436.2,632.1,1068.2,0,963.4,,,,,302.4,462.6,765,-0.6,935.7,,0.23,935.6,,8.48,330.3,10.46,26.3,13.64,111.4,17.75,47.8,,,,11385.08,502.5,18.96,66.7
20220926,85546,20,Organized,Weakening,290529,5.9,174.2,Stratiform,Clear Near,,,,,No,No,Eastern Atlantic,No,Yes,No,No,Maybe,,,,1009.1,12.7,953.2,514.8,568.8,4826.3,397.5,7612.2,459.2,368,304.7,80.2,44.3,69.4,55,408.5,480.5,889,-5.2,946.8,,0.6,946.5,,185.9,211.2,397,-30.4,901.5,236.1,-3.93,677.5,,2.66,271.8,5.96,54.1,26.6,106,27.84,97.8,,,,11386.17,499.3,30.37,97.7
20220926,90432,20,Organized,Weakening,290529,5.9,174.2,Stratiform,In Cloud,,,,,No,No,Eastern Atlantic,No,Yes,No,No,Maybe,,,,1002.6,57.2,,,557.9,4965.6,396.5,7620.2,449.2,367.9,304.4,,59.9,86.6,,,,,,,,,,,,,,,,,,,,,,,,19.22,118,34,122.4,,,,11378.4,504.8,33.72,119.2
20220926,90832,20,Organized,Mature,289906,6,301.4,Stratiform,Clear Near,,,,,Yes,Yes,Eastern Atlantic,No,Yes,No,No,Maybe,,,,1008.2,18.7,936.6,666.7,562.7,4908.1,397.2,7614.8,452.4,363.2,303.9,82.3,,81.3,,454.9,445.8,900.7,-1.9,943.2,,0.33,942,,218.8,191,409.8,-14.5,901.6,235.9,-3.37,671.6,,1.45,263.4,1.97,341.1,36.09,113,33.56,111.8,,,,11385.43,500.2,33.71,112.9
20220926,91234,20,Organized,Mature,289906,6,301.4,Convective,In Cloud,,,,,Yes,Yes,Eastern Atlantic,No,Yes,No,No,Maybe,,,,1009.1,8,939.3,639.5,580.4,4600,397,7616,452.6,366.6,303.3,80.6,66.4,,,451.6,516,967.6,-0.7,949.2,,0.14,948.9,,216.6,246.1,462.7,-8.8,907.8,236.9,-4.37,528.5,,3.98,329,5.59,195.9,30.47,107.7,26.37,114.6,,,,11391.66,500.6,28.4,120.6
20220926,92210,20,Organized,Mature,289906,6,301.4,Stratiform,In Precip,,,,,No,No,Eastern Atlantic,No,Yes,No,No,Maybe,,,,1009.8,8.2,999.9,94,563.1,4903.6,397.6,7616.9,448.7,365.9,304.9,89.9,82.7,87.5,84.3,71.3,16.1,87.4,-28.5,902.3,398.9,-0.23,404.8,,12.5,0,12.5,-122.9,894.3,589,-0.71,629.2,,3.76,228.4,4.03,269.4,16.37,74.4,9.07,76.4,,,,11420.67,500.7,14.2,113.1
20220926,94224,20,Organized,Mature,289906,6,301.4,Stratiform,In Cloud,,,,,Yes,Yes,Eastern Atlantic,No,Yes,No,No,Maybe,,,,1006.9,23.1,989.6,176.6,595,4455.5,397.3,7607.8,450.7,361,303.6,88.4,64.8,91.4,75.4,397.1,581.5,978.6,-9.5,976.1,,1.16,975.9,,218.3,337.8,556,-9.3,915.8,,0.75,915.3,,3.69,267.5,12.64,224.4,31.32,99,22.55,129,,,,11419.27,498.7,31.09,115.6
20220926,94718,20,Organized,Mature,289906,6,301.4,Stratiform,In Cloud,,,,,Yes,Yes,Eastern Atlantic,No,Yes,No,No,Maybe,,,,1009.6,7.3,952.1,525.5,582.6,4621.6,397,7619.8,455.2,371.1,303.7,75.9,63.4,80.3,69.5,382.6,519.9,902.5,-5.7,943.3,,0.73,942.9,,158.7,224.4,383.1,-32.1,896.4,294.7,-3.76,550.4,,5.61,279.9,0.53,31.1,29.23,123.6,24.02,127.1,,,,11386.6,500.5,29.06,122.1
20220926,102447,20,Organized,Growing,289906,6,301.4,Convective,In Cloud,SkewT suggests maybe In Cloud,Yes,,,Yes,Yes,Eastern Atlantic,No,Yes,No,No,Maybe,,,,1009.9,13.4,970.2,365.6,565.8,4874.7,397.9,7617.5,443.1,361.9,304.4,87.2,93.4,72.6,86.8,94.9,70.2,165.1,-8.7,966.8,263.3,-1.54,611.9,,53.5,31.4,85,-11,937,420.6,-0.1,428.5,,7.09,49.8,21.37,119.9,8.06,92.2,32.85,101.5,,,,11412.73,499.4,27.74,115.7
20220926,102813,20,Organized,Growing,289906,6,301.4,Convective,In Precip,,,,,No,No,Eastern Atlantic,No,Yes,No,No,Maybe,,,,1011.2,8.4,1011.2,8.4,560.5,4944.6,397.2,7619.6,459.8,366.8,305.2,,,,,,,,,,,,,,,,,,,,,,,0,180,32.05,128.4,16.37,41.1,36.52,100.9,,,,11377.12,499.1,31.63,99.6
20220926,104156,20,Organized,Growing,289906,6,301.4,Convective,In Precip,SkewT suggests maybe In Cloud,Yes,Yes,,No,No,Eastern Atlantic,No,Yes,No,No,Maybe,,,,1009.9,7.3,974,325.6,554.5,5040.4,398,7620.1,453.2,367.9,308.6,93.8,87.8,72.1,83.9,347,379.5,726.5,-0.2,954.3,,0.16,953.9,,226.5,264.9,491.4,-5.6,948,,0.69,947.6,,7.39,93,5,126.3,2.6,111.1,14.53,107.5,,,,11425.89,500.8,7.57,32.2
20220926,110009,20,Organized,Growing,290380,1.2,199.6,Convective,In Cloud,,,,,No,No,Eastern Atlantic,No,Yes,No,No,Maybe,,,,1009.3,7.8,968.3,373.2,566.4,4859,397.6,7617.6,457.6,364.2,302.2,87,93.2,78.3,88.1,249,286.3,535.4,-2.2,970.4,,-0.05,945.3,,83.9,108.5,192.4,-9.7,927.3,294.8,-0.03,300.2,,6.3,99.6,10.92,114.2,6.6,332.5,13.61,88.7,,,,10868.99,498.4,3.5,63.6
20220926,111004,20,Organized,Growing,290380,1.2,199.6,Convective,Clear Near,,,,,No,No,Eastern Atlantic,No,Yes,No,No,Maybe,,,,1009.2,13,925.9,770.6,574.8,4752.1,398.3,7618.5,448.7,369.3,,90.7,80.9,62.5,76.5,416.5,551.1,967.6,0,956.6,,,,,303,427,730,-0.1,936.6,,0.03,936.1,,4.27,126.6,12.43,141.4,8.71,310.4,8.12,145.4,,,,9505.11,502.5,6.85,135.1
20220929,104611,21,Organized,Mature,300750,11.8,89.7,Stratiform,Clear Near,,,,,Yes,Yes,Eastern Atlantic,No,Yes,No,Yes,No,,,,1008.7,8.1,956.1,479.4,574.4,4745.5,397.3,7614.2,453.5,361.2,301.6,85.5,85.8,78,83.5,233.7,392.2,625.9,-13.1,947.2,,-1.13,857.5,,199.6,348.4,548,-12.4,924.2,,-0.88,857.5,,5.65,18.4,6.42,189.7,3.43,210.7,3.82,196.4,,,,11391.95,499.4,10.91,194.7
20220929,111112,21,Organized,Mature,298019,5.7,67.5,Stratiform,In Cloud,,,,,No,No,Eastern Atlantic,No,Yes,No,Yes,No,,,,1008.8,11.5,952.3,519.2,583.9,4625.7,397.8,7618.4,457.9,365.1,300.7,86.5,74.7,87,79.5,263.4,462.2,725.6,-18.8,957.2,,-0.13,955.5,,91.4,206.4,297.7,-56.3,905.8,286.9,-0.05,295.5,,7.8,122.3,21.06,326.5,6.85,190.5,8.91,318.9,,,,11393.7,499.7,15.27,315.1
20220929,113435,21,Organized,Mature,298019,5.7,67.5,Stratiform,In Cloud,Going through evaporating/dissipating stratiform; might be In Precip,Yes,,Yes,No,No,Eastern Atlantic,No,Yes,No,Yes,No,,,,1010,8.5,946.2,580.4,579.7,4685,397.8,7620.5,455.1,366,300.1,87,79,92.8,84.3,145.3,342.4,487.6,-21.4,962.3,,-0.51,844.7,,61.3,152.7,213.9,-103.2,915.7,348.5,-1.96,541.6,,18.05,143.1,24,292.2,12.96,147.9,16.96,195.1,,,,11396.81,503.4,13.47,262.3
20220929,120226,21,Organized,Mature,300750,11.8,89.7,Convective,Clear Near,,,,,Yes,Yes,Eastern Atlantic,No,Yes,No,Yes,No,,,,1009.4,14.2,973.9,330.8,570,4828.1,398.5,7608.2,458.3,371.6,302.2,87,85.9,75.6,83.1,314.2,543,857.2,-2.7,970.6,,0.54,970.4,,140.9,358.9,499.8,-3.5,930.1,,0.01,839.6,,4.65,249.3,16.92,133.2,5.24,20.4,12.76,130.5,,,,11421.6,502.5,15.49,110.9
20220929,121037,21,Organized,Mature,300750,11.8,89.7,Stratiform,In Cloud,,,,,Yes,Yes,Eastern Atlantic,No,Yes,No,Yes,No,,,,1009.1,13.4,971.7,345.7,578.2,4708,398.1,7611,462.1,368.3,304.4,83.4,81.2,90.7,84.2,104.1,324.5,428.6,-45.6,949.4,,0.91,949.1,,44.3,172,216.3,-112.9,912.2,326.1,-2.11,445.6,,7.52,14.5,9.46,63.4,16.31,197.5,6.55,124.5,,,,10693.07,500.5,15.5,157.4
20220929,123022,21,Organized,Mature,300750,11.8,89.7,Stratiform,In Cloud,SkewT suggests maybe In Cloud,Yes,,,No,No,Eastern Atlantic,No,Yes,No,Yes,No,,,,1009.6,13.8,965,411.4,573.6,4763.2,397.5,7621,455.9,367.6,304.7,90,90.2,89.3,89.9,284.2,360.1,644.3,-1.2,971.3,,0.18,970.7,,141.7,197.1,338.8,-10.8,932.7,237.6,-2.42,631.5,,7.66,220.1,16.14,141.1,6.99,321.2,13.05,176.5,,,,11394,501.4,6.96,151.5
20220929,124353,21,Organized,Mature,300750,11.8,89.7,Stratiform,Clear Near,,,,,No,No,Eastern Atlantic,No,Yes,No,Yes,No,,,,1008.9,13.1,978.8,278.9,567.8,4838.5,397.4,7616.4,455.1,367.1,305.7,91.3,92.1,79,88.1,279.2,314.3,593.5,-0.8,986.2,,0.26,986.1,,152.6,183.7,336.2,-3.6,942.9,273.2,-2.31,342.2,,6.6,288.8,18.31,81.5,3.95,115,15.79,77.7,,,,11377.11,502.1,23.05,93
20220929,125546,21,Organized,Weakening,298019,5.7,67.5,Convective,Clear Near,,,,,Yes,Yes,Eastern Atlantic,No,Yes,No,Yes,No,,,,1008.6,7.2,986.8,199.4,569,4820.7,397.5,7614.9,456.7,366,300.5,96.2,88.9,76.3,85.2,133.9,272.7,406.6,-8.6,983.3,,-0.04,836.5,,112.9,245.3,358.1,-16.3,956.4,,-0.15,956.1,,2.18,195.9,10.88,182.9,8.8,323.3,8.56,228.8,,,,11385.09,500.1,8.74,252.7
20220929,131241,21,Organized,Weakening,300750,11.8,89.7,Stratiform,Clear Near,SkewT/APR suggests maybe Clear Near,Yes,,,No,No,Eastern Atlantic,No,Yes,No,Yes,No,,,,1007.3,16.5,924.1,771.8,576.5,4709.6,396.8,7621.2,458.4,365.9,303.4,84.7,82.1,81.1,82.1,209.7,330.4,540.1,-10.2,944.8,,-1.18,894.5,,105.2,180.7,286,-39.5,923.9,299.1,-2.29,455.6,,7.32,118.3,17.03,351.2,21.15,221.5,10.46,256.1,,,,11393.02,501.8,14.46,256.1
20220929,133813,21,Organized,Weakening,300750,11.8,89.7,Stratiform,Clear Near,,,,,No,No,Eastern Atlantic,No,Yes,No,Yes,No,,,,1008.3,8.2,937,654.1,578.3,4694.4,397,7619.2,463.4,367.9,,86.5,77.2,75.6,77.7,261.8,521.8,783.7,-0.7,943.2,,-1.01,896.1,,209.2,456.6,665.7,-4.7,929.4,,-0.61,871.8,,2.81,209.3,4.48,160.9,3.66,265.7,7.91,205.9,,,,9491.88,498.5,6.72,213.1
20220930,134822,22,Organized,Weakening,303079,9.2,108.9,Convective,Clear Near,,,,,No,No,Eastern Atlantic,No,Yes,No,No,No,,,,1009.2,10.8,926.5,762.1,561.8,4930.8,397.6,7619.6,454.6,368.1,311.2,73.4,66,51.2,62.5,153.9,237,391,-7.7,916.7,227.1,-2.91,299.9,,0,0,0,0,870.3,870.3,2.32,869.9,,6.2,62.7,4.41,216.6,4.16,113.1,7.18,109.1,,,,11682.54,501.9,5.92,132.7
20220930,135301,22,Organized,Weakening,303079,9.2,108.9,Convective,Clear Near,,,,,No,No,Eastern Atlantic,No,Yes,No,No,No,,,,1009,7.8,925,772,576.4,4724.1,397.4,7620.9,456,366,309.8,89.9,80.2,49,71,347.9,561.1,909,0,954.8,,0.01,954.4,,255.2,457.5,712.7,-0.2,937.1,,0.12,936.9,,6.77,212.9,5.73,128.4,8.36,149.8,17.09,162.7,,,,11707.94,498.9,15.12,148.7
20220930,140056,22,Organized,Weakening,303079,9.2,108.9,Stratiform,In Precip,,,,,No,No,Eastern Atlantic,No,Yes,No,No,No,,,,1008.8,7.8,967,380.2,586.1,4584.3,397.4,7616.3,455.3,364.5,302.3,91.2,76.3,87.9,81.1,167.4,338,505.4,-24.7,973.8,,0.29,973.6,,119.5,229.9,349.4,-64.3,931.4,232,-0.07,241,,2.53,71.5,15.49,253.1,8.11,124.7,10.26,214.4,,,,11695.48,499.4,13.98,229.7
20220930,140548,22,Organized,Weakening,303079,9.2,108.9,Stratiform,In Cloud,Going through evaporating/dissipating stratiform,Yes,,Yes,Yes,Yes,Eastern Atlantic,No,Yes,No,No,No,,,,1007.2,16.9,941.8,606.2,586,4587.2,397.1,7620.2,451.8,363.7,301.8,86.6,78.5,92.2,84,146,326.1,472.1,-42.1,951.1,218.6,-3.7,559.2,,83.7,164.8,248.4,-111.1,918.3,358.6,-2.48,559.2,,11.52,85.6,11.05,305.6,2.39,246.1,6.49,5,,,,11721.53,502.4,7.4,307.1
20220930,141046,22,Organized,Weakening,303079,9.2,108.9,Stratiform,In Cloud,SkewT suggests maybe Clear Near,Yes,,,Yes,Yes,Eastern Atlantic,No,Yes,No,No,No,,,,1008.8,12.8,952.2,520.5,581.1,4664.5,397.5,7619.3,449.5,362.8,,84.6,76.2,81.8,78.6,159.4,375.2,534.5,-20.7,948.7,,-0.36,882.5,,63.2,197.8,261,-73.7,910.9,,-2.64,520.8,,2.38,89.2,19.01,346.4,27.42,211,16.52,250.9,,,,9006.72,499.3,17.74,250.2
20220930,142426,22,Organized,Growing,304352,6.6,111.9,Stratiform,Clear Near,,,,,Yes,No,Eastern Atlantic,No,Yes,No,No,No,,,,1008.4,12.3,909.6,919.5,576.8,4717,397.7,7619.6,442.5,369,302.1,92.3,82.9,56.7,75.1,577.8,741.7,1319.6,-0.2,961.7,,0.09,961.6,,442.5,589.4,1031.9,0,939.6,,-1.88,875.9,,3.76,96.7,13.92,72.3,18.07,226.3,9.65,156.5,,,,10945.42,498.7,11.8,175.1
20220910,153513,23,Scattered,Weakening,N/A,0,0,Convective,Clear Near,,,,,No,No,Eastern Atlantic,No,No,Yes,No,No,,,,1009,8.4,925.4,770.2,553.4,5059.4,398.8,7617.9,440.8,364.2,302.9,87.9,82.5,74.2,80.8,311.3,374.9,686.2,-0.2,946.9,,0.1,946.8,,225.7,295.3,521,-0.2,931.4,,0.09,931.1,,3.78,177.7,15.22,174,14.81,44.9,14.86,125,,,,11757.21,502,15.04,124.8
20220910,154826,23,Scattered,Weakening,N/A,0,0,Convective,Clear Near,,,,,No,No,Eastern Atlantic,No,No,Yes,No,No,,,,1009.1,7.6,954.6,497.1,561.3,4948,398.5,7616.3,451.9,366.3,301,79.9,74.9,74.9,75.3,254.5,413.7,668.2,-5.6,958,,0.45,957.6,,36.6,163.3,199.9,-33.3,909.4,245,-2.24,445.6,,5.45,40.4,8.43,241.1,18.81,117.3,15.52,123.6,,,,11750.38,501.8,15.88,143.8
20220910,155212,23,Scattered,Weakening,N/A,0,0,Convective,Clear Near,,,,,Yes,Yes,Eastern Atlantic,No,No,Yes,No,No,,,,1009,8,970.3,353.3,563.9,4906.4,398.4,7617.8,447,367.7,301.6,83,86.3,70.5,81.4,144.7,314.7,459.4,-9,954.7,,-0.01,905.9,,34.7,175.6,210.3,-29.2,917.8,235.5,-2.09,414,,3.42,174.4,13.48,95.1,5.71,132,20.18,115.4,,,,11742.91,502.6,18.71,112.6
20220910,155729,23,Scattered,Weakening,N/A,0,0,Convective,Clear Near,,,,,No,No,Eastern Atlantic,No,No,Yes,No,No,,,,1008.7,13,915.4,863.7,556.6,5015.3,398.7,7616,446,365.8,303.1,88.9,79.5,72.7,78.7,260,389.7,649.7,-0.2,956.5,,0.11,956.5,,98.1,233.5,331.6,-4.8,929.4,,-0.36,872.8,,4.08,3.5,9.55,154.6,6.23,58.7,9.85,97.2,,,,11729.62,501.5,12.09,94.4
20220910,160028,23,Scattered,Weakening,N/A,0,0,Convective,In Cloud,,,,,No,No,Eastern Atlantic,No,No,Yes,No,No,,,,1009.2,9,958.1,466.2,553.5,5056.2,398.1,7620.8,451,361.7,303.4,91.6,88.7,74.4,85.1,365.3,456,821.3,-0.1,973.9,,0.07,973.6,,184.3,287.2,471.5,-3.6,935.6,,0.37,935.6,,4.74,261.4,7.04,103,8.35,61.2,9.56,80.1,,,,11758.89,501.6,14.52,82.1
20220910,160326,23,Scattered,Weakening,N/A,0,0,Convective,Clear Near,,,,,Yes,Yes,Eastern Atlantic,No,No,Yes,No,No,,,,1008.8,11.8,988.5,190.8,555.7,5026,398.1,7617.5,450.5,365.7,305,83.6,83.1,63.6,77.9,187.8,296.9,484.6,-10,957.9,223.8,-3.9,426.6,,87.4,200.7,288.1,-4.5,924.4,236.3,-2.8,426.6,,2.87,296.8,6.47,70.5,3.63,139.9,5.39,79,,,,11721,499.4,10.64,106.5
20220910,170708,23,Scattered,Weakening,N/A,0,0,Convective,Clear Near,,,,,Yes,Yes,Eastern Atlantic,No,No,Yes,No,No,,,,1007.8,21.3,948.9,551.5,561.6,4942.2,398.3,7621.2,446.4,365.7,307,85.5,79.9,50.4,72,239.2,419.4,658.6,-0.4,957,,0.19,956.7,,72.4,244.8,317.2,-8.8,924.8,,-0.55,829.1,,4.01,193,11.48,49.7,10.69,47.4,19.34,55.7,,,,11725.11,499.1,23.75,48.3
20220910,170856,23,Scattered,Weakening,N/A,0,0,Convective,In Precip,SkewT suggests maybe In Precip,Yes,Yes,,No,No,Eastern Atlantic,No,No,Yes,No,No,,,,1008.7,14.7,1000.9,83.5,564.2,4908.9,398.8,7610.4,454.6,361.6,305.3,88.4,90.1,62.2,81.4,46.6,243.2,289.8,-21.4,954.7,219,-3.2,414.6,,24.6,205.4,230,-30.6,929.4,228.2,-2.78,414.6,,3.96,120.1,9.09,14.7,22.14,78.6,29.43,68.3,,,,11720.53,502.7,24.67,73.9
20220910,172753,23,Scattered,Weakening,N/A,0,0,Convective,Clear Near,,,,,No,No,Eastern Atlantic,No,No,Yes,No,No,,,,1009.4,7.5,980.7,262.2,560.5,4960.5,398.9,7613,444.8,366.1,305,86.3,83.6,56.8,76,252.8,387.9,640.7,-7.5,968.2,,0.67,968.2,,140.9,274.2,415.1,-6.5,929,,0.76,928.9,,7.25,205.9,6.57,127.9,18.04,78.4,20.82,109.3,,,,11728.42,498.5,24.9,94.4
20220910,172900,23,Scattered,Weakening,N/A,0,0,Convective,Clear Near,,,,,No,No,Eastern Atlantic,No,No,Yes,No,No,,,,1009.9,8,943.3,608.4,554.4,5051,398.7,7620.7,442.1,359.9,305.5,85.6,81.5,56,75,290,400.5,690.5,-0.2,954.5,,0,948.9,,135.1,252,387.1,-6.6,925,,0.71,924.8,,0.59,309.3,9.15,112.2,16.56,72.4,23.8,85.5,,,,11733.52,500.6,22.38,83.3
20220910,173116,23,Scattered,Weakening,N/A,0,0,Convective,Clear Near,,,,,No,No,Eastern Atlantic,No,No,Yes,No,No,,,,1007.8,19.6,967.8,377.4,554.4,5045.9,398.6,7615.8,446.5,362.2,306.6,80.1,83.1,62.3,78,179.2,323.8,503,-9.6,950,,0.96,949.5,,100.3,248.3,348.7,-5.4,922.6,,-0.01,894.1,,2,302.7,8.73,121,15.31,81.7,21.09,93.3,,,,11725.06,498.6,23.12,91.7
20220930,92537,24,Scattered,Weakening,N/A,5.8,102,Convective,In Cloud,SkewT suggests maybe In Precip,Yes,,Yes,Yes,No,Eastern Atlantic,No,Yes,Yes,No,No,,,,1010.1,8.1,971.4,353.1,583.4,4636.4,398,7615.2,447.3,363.8,304.6,90.7,83,88.8,84.7,325.2,538.3,863.5,-2.6,970.5,,-0.11,945.4,,226.7,417.5,644.2,-9.2,935,,-0.1,785.3,,8.46,65.7,5.07,168.9,13.81,224.8,11.32,184,,,,11412.47,499.9,18.16,218.3
20220930,93638,24,Scattered,Weakening,N/A,5.8,102,Stratiform,Clear Near,,,,,Yes,Yes,Eastern Atlantic,No,Yes,Yes,No,No,,,,1009.8,11.6,961.5,443.1,581.4,4665.3,397.8,7618.9,452.7,366.8,308.4,91,82.9,81.5,82.9,220.4,429.3,649.7,-5.5,971.4,,-0.15,861.9,,128.1,290.9,419,-32,929.5,,-0.2,772.2,,6.81,139.9,12.13,247.7,6.6,204.8,18.36,211.6,,,,11412.82,497.9,16.87,234.1
20220930,94347,24,Scattered,Weakening,N/A,5.8,102,Stratiform,Clear Near,,,,,No,No,Eastern Atlantic,No,Yes,Yes,No,No,,,,1009.6,7.8,950.8,535.7,572,4783,397.3,7621.8,457.5,370,308.1,85.9,83.1,74.5,80.6,221.3,351.3,572.6,-2.1,955.2,,0.38,955,,132.1,244.6,376.7,-9.3,930.9,,-0.26,777.7,,2.67,24.4,7.56,224.4,0.81,322.9,5.18,243.8,,,,11376.73,501.3,7.53,226.8
20220930,95505,24,Scattered,Mature,303655,3.2,131.5,Convective,Clear Near,SkewT suggests maybe In Cloud,Yes,,,No,No,Eastern Atlantic,No,Yes,Yes,No,No,,,,1010.7,13.1,945.1,602.8,571.4,4807.1,398,7618.7,469.7,365.9,310.2,89.4,90.5,88.2,89.7,328.3,452.8,781.1,-0.1,970.3,,0.1,970.1,,180.8,299.4,480.2,-0.2,940.8,,0.11,940.7,,4.33,342.5,3.8,210.9,5.67,89.6,2.62,71.4,,,,11384.32,501.2,5.19,128.1
20220930,100628,24,Scattered,Mature,303655,3.2,131.5,Convective,In Precip,,,,,No,No,Eastern Atlantic,No,Yes,Yes,No,No,,,,1010.1,13.6,979.9,279.1,569.7,4815.4,397.6,7618.2,455,369.8,310.1,97.4,95.4,83.9,91.8,249.4,304,553.4,0,1004.1,,,,,129.6,170.7,300.3,-17.5,947.8,229.9,-3.15,631.6,,1.86,356.5,4.26,124.5,13.26,38.6,15.51,50.1,,,,11392.25,503.3,10.49,67.4
20220930,101809,24,Scattered,Mature,303655,3.2,131.5,Convective,In Precip,SkewT suggests maybe In Precip,Yes,Yes,,No,No,Eastern Atlantic,No,Yes,Yes,No,No,,,,1010.4,8.5,1003.4,69.7,571.7,4798,397.7,7616.5,457.8,364.4,310.7,91.5,83.6,71.5,80,144.8,342.7,487.4,-2,958,,-1.11,808.6,,85.5,256.6,342.2,-25,941.8,,-0.58,808.6,,3.24,184.6,9.13,93,12.75,22.4,16.02,59.5,,,,11376.73,502.2,20.17,38.8
20220930,111643,24,Scattered,Weakening,N/A,0,0,Stratiform,In Cloud,,,,,Yes,Yes,Eastern Atlantic,No,Yes,Yes,No,No,,,,1011.3,7.2,936,686.8,574.4,4764.8,398.2,7616.2,451.9,365.3,311.2,84.4,79,82.9,80.7,275.5,438.9,714.4,0,954.2,,0.05,954.1,,103.4,245.6,348.9,-6.6,922.9,,-0.4,865.8,,3.77,97.6,8.81,102.1,17.41,33.1,25.1,60.9,,,,11689,500,22.96,54.7
20220930,112548,24,Scattered,Weakening,N/A,0,0,Stratiform,In Cloud,,,,,No,No,Eastern Atlantic,No,Yes,Yes,No,No,,,,1010.8,5.2,940.6,637.5,574.4,4764.1,398.2,7618.9,446.2,369.2,309.7,83.4,90.1,84.9,87.8,278.5,399.1,677.5,-0.5,960,,0.22,959.5,,76.4,144.8,221.2,-30.5,918.3,,-0.28,744.7,,3.45,277.9,3.8,81.7,10.57,124.9,10.59,118,,,,11562.37,499.6,13.57,117.1
20220930,114329,24,Scattered,Weakening,N/A,0,0,Stratiform,Clear Near,,,,,No,No,Eastern Atlantic,No,Yes,Yes,No,No,,,,1009.2,17.3,925.2,779.7,570,4825.2,397.8,7622.4,457.9,368.4,307.1,90,80.5,73.9,79.6,255.6,430.2,685.8,-0.5,952.5,,-1.83,835.7,,140.8,298.9,439.7,-10.4,930.9,,-1.02,835.7,,2.47,56.6,8.02,265.7,7.45,182.3,8.95,223.1,,,,11683.04,501.4,9.32,213.2
20220930,115702,24,Scattered,Weakening,N/A,0,0,Stratiform,In Cloud,,,,,No,No,Eastern Atlantic,No,Yes,Yes,No,No,,,,1010.3,6.9,979.3,281.2,585.6,4604.4,397.8,7616.7,462.2,365.8,302.7,91.4,82.2,92.5,86.4,165.3,429.5,594.8,-2.5,977.7,,-0.71,890.9,,110.6,357.8,468.4,-7.8,954.9,,-0.54,770.4,,4.04,342,5.17,86.7,5.34,104.3,9.6,71,,,,11417.31,497.9,9.43,101
20220930,120730,24,Scattered,Weakening,N/A,0,0,Stratiform,Clear Near,,,,,No,No,Eastern Atlantic,No,Yes,Yes,No,No,,,,1009.5,7.9,958.8,461,571.8,4788.8,398,7612,453.3,368.3,310,89.1,85.6,84.7,85.6,190.1,359.7,549.8,-2.3,960.5,,-0.08,927.6,,117.2,274.7,391.8,-7.5,933.4,,-0.07,806,,2.98,279.9,4.26,96.3,15.83,123.2,16.85,120.8,,,,11331.22,502.3,20.49,117.7
20220930,121559,24,Scattered,Weakening,N/A,0,0,Stratiform,Clear Near,,,,,Yes,Yes,Eastern Atlantic,No,Yes,Yes,No,No,,,,1010.4,13.6,940.3,644.1,575.7,4750,398.2,7618.3,459.6,365.4,309.5,92.3,85,85.3,85.8,319.8,506.7,826.5,0,964.7,,,,,196.3,374.4,570.7,-1,946.7,,-0.32,926.9,,0.58,169.8,1.5,24.6,16.27,106,17.03,103,,,,11402.87,497.6,17.58,100.5
20220930,122459,24,Scattered,Weakening,N/A,0,0,Stratiform,Clear Near,,,,,Yes,Yes,Eastern Atlantic,No,Yes,Yes,No,No,,,,1010,16.5,918.2,850.7,574.7,4762.4,398.9,7601.6,453.4,362.3,310.7,89.7,77.9,76.6,79,314.3,493,807.3,0,962.8,,,,,115.8,281.7,397.5,-0.6,935.3,,-0.25,918.7,,2.41,215.7,11.2,116,14.11,25.9,15.8,68.9,,,,11686,500.3,17.27,55.9
20220930,132445,24,Scattered,Mature,N/A,0,0,Convective,In Precip,,,,,No,No,Eastern Atlantic,No,Yes,Yes,No,No,,,,1009,14.2,1009,14.2,567.6,4824.7,396.4,7615.3,450.9,377,310.8,,,,,,,,,,,,,,,,,,,,,,,0,180,12.49,52.2,6.75,216.8,6.16,77,,,,11512.04,502.2,14.03,76.1
20220930,133316,24,Scattered,Mature,N/A,0,0,Convective,In Cloud,,,,,No,Yes,Eastern Atlantic,No,Yes,Yes,No,No,,,,1008.8,17.6,992.6,160.4,583.2,4632.7,397.2,7622.3,457.4,372.6,311.3,79.9,87,84.2,85.9,259.7,439.8,699.5,-1.9,949.7,,0.3,949.6,,167.5,327.7,495.3,-2.7,927.8,226.5,-3.49,467.2,,5.74,242.9,7.49,10.7,10.1,217.9,10.62,251.6,,,,11687.68,500.9,1.74,206.2